gene,category,rationale,exclude_recommended,gene_id,full_name,location,cell_type,cellchat_pathway,detection_pct_0041435,detection_pct_0041534,det_max,n_cells_0041435,n_cells_0041534,log2_detection_ratio,pathway_source,pathway_term,was_uncategorized
ACTL6A,,,no,ENSG00000136518,Actin-like protein 6A (53 kDa BRG1-associated factor A) (Actin-related protein Baf53a) (ArpNbeta) (BRG1-associated factor 53A) (BAF53A) (INO80 complex subunit K),Nucleus,,,2.083,1.612,2.083,9665,3897,-0.369,REACTOME,Deubiquitination R-HSA-5688426,True
ADRB2,,,no,ENSG00000169252,Beta-2 adrenergic receptor (Beta-2 adrenoreceptor) (Beta-2 adrenoceptor),Cell membrane,stem cell of epidermis;keratinocyte;epidermal cell;mast cell,Adrenaline;Noradrenaline,0.385,0.4,0.4,1785,966,0.055,REACTOME,Deubiquitination R-HSA-5688426,True
ARRB1,,,no,ENSG00000137486,Beta-arrestin-1 (Arrestin beta-1) (Non-visual arrestin-2),Cytoplasm;Nucleus;Cell membrane;Membrane,,,2.412,3.219,3.219,11193,7780,0.417,REACTOME,Deubiquitination R-HSA-5688426,True
ARRB2,,,no,ENSG00000141480,Beta-arrestin-2 (Arrestin beta-2) (Non-visual arrestin-3),Cytoplasm;Nucleus;Cell membrane;Membrane,"phagocyte;classical monocyte;CD14-positive, CD16-negative classical monocyte;granulocyte;neutrophil;dendritic cell;conventional dendritic cell;myeloid dendritic cell;CD1c-positive myeloid dendritic cell;myeloid leukocyte;monocyte;non-classical monocyte;CD14-low, CD16-positive monocyte;CD14-positive monocyte;CD14-positive, CD16-positive monocyte;myeloid cell",,9.649,7.288,9.649,44780,17614,-0.405,REACTOME,Deubiquitination R-HSA-5688426,False
ASXL1,,,no,ENSG00000171456,Polycomb group protein ASXL1 (Additional sex combs-like protein 1),Nucleus,renal beta-intercalated cell,,4.713,2.969,4.713,21871,7176,-0.667,REACTOME,Deubiquitination R-HSA-5688426,True
ATXN3,,,no,ENSG00000066427,Ataxin-3,Nucleus matrix,,,3.633,3.969,3.969,16859,9593,0.128,REACTOME,Deubiquitination R-HSA-5688426,True
AXIN1,,,no,ENSG00000103126,Axin-1 (Axis inhibition protein 1) (hAxin),Cytoplasm,,,7.513,4.483,7.513,34865,10834,-0.745,REACTOME,Deubiquitination R-HSA-5688426,True
AXIN2,,,no,ENSG00000168646,Axin-2 (Axin-like protein) (Axil) (Axis inhibition protein 2) (Conductin),Cytoplasm,,,1.464,1.203,1.464,6792,2908,-0.283,REACTOME,Deubiquitination R-HSA-5688426,True
BARD1,,,no,ENSG00000138376,BRCA1-associated RING domain protein 1 (BARD-1),Nucleus,,,0.697,0.472,0.697,3233,1141,-0.561,REACTOME,Deubiquitination R-HSA-5688426,True
BECN1,,,no,ENSG00000126581,Beclin-1 (Coiled-coil myosin-like BCL2-interacting protein) (Protein GT197),Cytoplasm,,,5.496,3.778,5.496,25506,9131,-0.541,REACTOME,Deubiquitination R-HSA-5688426,True
BIRC2,,,no,ENSG00000110330,Baculoviral IAP repeat-containing protein 2,Cytoplasm;Nucleus,,,5.748,5.06,5.748,26675,12230,-0.184,REACTOME,Deubiquitination R-HSA-5688426,True
BRCA1,,,no,ENSG00000012048,Breast cancer type 1 susceptibility protein,Nucleus,,,0.335,0.46,0.46,1556,1111,0.455,REACTOME,Deubiquitination R-HSA-5688426,True
CCNA1,,,no,ENSG00000133101,Cyclin-A1,Nucleus,,,0.124,0.105,0.124,574,254,-0.235,REACTOME,Deubiquitination R-HSA-5688426,True
CCNA2,,,no,ENSG00000145386,Cyclin-A2 (Cyclin-A) (Cyclin A),Nucleus,"immature alpha-beta T cell;double-positive, alpha-beta thymocyte;fraction A pre-pro B cell",,0.277,0.271,0.277,1287,655,-0.033,REACTOME,Deubiquitination R-HSA-5688426,False
CDC20,,,no,ENSG00000117399,Cell division cycle protein 20 homolog (p55CDC),Cytoplasm,,,0.644,0.347,0.644,2990,839,-0.892,REACTOME,Deubiquitination R-HSA-5688426,True
CDC25A,,,no,ENSG00000164045,M-phase inducer phosphatase 1,,,,0.204,0.159,0.204,947,384,-0.361,REACTOME,Deubiquitination R-HSA-5688426,True
CDK1,,,no,ENSG00000170312,Cyclin-dependent kinase 1 (CDK1),Nucleus,"double-positive, alpha-beta thymocyte;precursor B cell;large pre-B-II cell;erythroid lineage cell;pro-B cell;fraction A pre-pro B cell",,0.252,0.316,0.316,1169,763,0.326,REACTOME,Deubiquitination R-HSA-5688426,False
CFTR,,,no,ENSG00000001626,Cystic fibrosis transmembrane conductance regulator (CFTR) (ATP-binding cassette sub-family C member 7) (Channel conductance-controlling ATPase),Apical cell membrane,intestinal crypt stem cell of colon;pancreatic ductal cell;cholangiocyte;columnar/cuboidal epithelial cell;pulmonary ionocyte;lung goblet cell;bronchial goblet cell;paneth cell of epithelium of small intestine;duodenum glandular cell;periportal region hepatocyte;M cell of gut;ionocyte,,0.187,0.161,0.187,869,388,-0.222,REACTOME,Deubiquitination R-HSA-5688426,False
CNKSR3,,,no,ENSG00000153721,Connector enhancer of kinase suppressor of ras 3 (Connector enhancer of KSR 3) (CNK homolog protein 3) (CNK3) (CNKSR family member 3) (Maguin-like protein),Cytoplasm,taste receptor cell;endothelial cell of lymphatic vessel;retinal pigment epithelial cell;surface ectodermal cell,,0.801,0.499,0.801,3717,1206,-0.683,REACTOME,Deubiquitination R-HSA-5688426,False
CYLD,,,no,ENSG00000083799,Ubiquitin carboxyl-terminal hydrolase CYLD,Cytoplasm,"mononuclear cell;lymphocyte;T cell;CD4-positive, CD25-positive, alpha-beta regulatory T cell;memory regulatory T cell;activated CD4-positive, alpha-beta T cell, human",,12.205,11.006,12.205,56642,26601,-0.149,REACTOME,Deubiquitination R-HSA-5688426,False
DDB2,,,no,ENSG00000134574,DNA damage-binding protein 2 (DDB p48 subunit) (DDBb) (Damage-specific DNA-binding protein 2) (UV-damaged DNA-binding protein 2) (UV-DDB 2),Nucleus,,,2.149,2.007,2.149,9974,4850,-0.099,REACTOME,Deubiquitination R-HSA-5688426,True
EP300,,,no,ENSG00000100393,Histone acetyltransferase p300 (p300 HAT),Cytoplasm,enucleate erythrocyte,,8.468,7.637,8.468,39300,18458,-0.149,REACTOME,Deubiquitination R-HSA-5688426,True
ESR1,,,no,ENSG00000091831,Estrogen receptor (ER) (ER-alpha) (Estradiol receptor) (Nuclear receptor subfamily 3 group A member 1),Nucleus;Cytoplasm;Cell membrane,hepatocyte;periportal region hepatocyte;midzonal region hepatocyte;centrilobular region hepatocyte;endothelial cell of hepatic sinusoid;endothelial cell of pericentral hepatic sinusoid;neuron;hepatic stellate cell;kidney interstitial fibroblast;kidney interstitial cell,DHEA;Estradiol,0.525,0.493,0.525,2435,1191,-0.09,REACTOME,Deubiquitination R-HSA-5688426,False
FOXO4,,,no,ENSG00000184481,Forkhead box protein O4 (Fork head domain transcription factor AFX1),Cytoplasm;Nucleus,placental villous trophoblast;syncytiotrophoblast cell,,1.563,1.271,1.563,7256,3072,-0.299,REACTOME,Deubiquitination R-HSA-5688426,True
GATA3,,,no,ENSG00000107485,Trans-acting T-cell-specific transcription factor GATA-3 (GATA-binding factor 3),Nucleus,basal cell of epidermis;kidney collecting duct epithelial cell;kidney collecting duct principal cell;renal principal cell;taste receptor cell;kidney connecting tubule epithelial cell;extravillous trophoblast;placental villous trophoblast;syncytiotrophoblast cell;T-helper 2 cell;group 2 innate lymphoid cell;group 3 innate lymphoid cell;early T lineage precursor;neuron;papillary tips cell;kidney collecting duct cell,,1.326,1.086,1.326,6156,2625,-0.288,REACTOME,Deubiquitination R-HSA-5688426,False
HCFC1,,,no,ENSG00000172534,Host cell factor 1 (HCF) (HCF-1) (C1 factor) (CFF) (VCAF) (VP16 accessory protein),Cytoplasm,,,4.254,3.152,4.254,19742,7618,-0.433,REACTOME,Deubiquitination R-HSA-5688426,True
HGS,,,no,ENSG00000185359,Hepatocyte growth factor-regulated tyrosine kinase substrate (Hrs) (Protein pp110),Cytoplasm,,,2.581,1.104,2.581,11980,2669,-1.225,REACTOME,Deubiquitination R-HSA-5688426,True
HIF1A,,,no,ENSG00000100644,Hypoxia-inducible factor 1-alpha (HIF-1-alpha) (HIF1-alpha) (ARNT-interacting protein) (Basic-helix-loop-helix-PAS protein MOP1) (Class E basic helix-loop-helix protein 78) (bHLHe78) (Member of PAS protein 1) (PAS domain-containing protein 8),Cytoplasm,elicited macrophage;inflammatory macrophage;blood cell;myeloid cell;brown preadipocyte;mesothelial fibroblast,,8.39,7.508,8.39,38939,18147,-0.16,REACTOME,Deubiquitination R-HSA-5688426,False
IDE,,,no,ENSG00000119912,Insulin-degrading enzyme,Cytoplasm,,,1.173,0.865,1.173,5446,2090,-0.44,REACTOME,Deubiquitination R-HSA-5688426,True
IFIH1,,,no,ENSG00000115267,Interferon-induced helicase C domain-containing protein 1,Cytoplasm,,,2.327,1.998,2.327,10799,4829,-0.22,REACTOME,Deubiquitination R-HSA-5688426,True
IKBKG,,,no,ENSG00000269335,NF-kappa-B essential modulator (NEMO) (FIP-3) (IkB kinase-associated protein 1) (IKKAP1) (Inhibitor of nuclear factor kappa-B kinase subunit gamma) (I-kappa-B kinase subunit gamma) (IKK-gamma) (IKKG) (IkB kinase subunit gamma) (NF-kappa-B essential modifier),Cytoplasm,,,5.586,2.413,5.586,25926,5831,-1.211,REACTOME,Deubiquitination R-HSA-5688426,True
IL33,,,no,ENSG00000137033,Interleukin-33 (IL-33) (Interleukin-1 family member 11) (IL-1F11) (Nuclear factor from high endothelial venules) (NF-HEV),Nucleus,respiratory basal cell;basal cell of epithelium of trachea;retinal blood vessel endothelial cell;lung microvascular endothelial cell;lung endothelial cell;club cell;endothelial cell of sinusoid;endothelial cell of hepatic sinusoid;endothelial cell of uterus;endocardial cell;follicular dendritic cell,IL1,0.129,0.218,0.218,597,527,0.761,REACTOME,Deubiquitination R-HSA-5688426,False
INO80D,,,no,ENSG00000114933,INO80 complex subunit D,Nucleus,mature microglial cell;mature astrocyte,,2.794,2.062,2.794,12968,4984,-0.438,REACTOME,Deubiquitination R-HSA-5688426,True
KAT2A,,,no,ENSG00000108773,Histone acetyltransferase KAT2A,Nucleus,,,3.025,2.486,3.025,14037,6009,-0.283,REACTOME,Deubiquitination R-HSA-5688426,True
KAT2B,,,no,ENSG00000114166,Histone acetyltransferase KAT2B,Nucleus,neuron associated cell (sensu Vertebrata);oligodendrocyte precursor cell;Schwann cell,,2.307,2.201,2.307,10707,5319,-0.068,REACTOME,Deubiquitination R-HSA-5688426,True
KEAP1,,,no,ENSG00000079999,Kelch-like ECH-associated protein 1 (Cytosolic inhibitor of Nrf2) (INrf2) (Kelch-like protein 19),Cytoplasm,,,1.359,0.725,1.359,6306,1752,-0.906,REACTOME,Deubiquitination R-HSA-5688426,True
MAP3K7,,,no,ENSG00000135341,Mitogen-activated protein kinase kinase kinase 7,Cytoplasm,,,5.216,3.62,5.216,24208,8750,-0.527,REACTOME,Deubiquitination R-HSA-5688426,True
MAVS,,,no,ENSG00000088888,Mitochondrial antiviral-signaling protein (MAVS) (CARD adapter inducing interferon beta) (Cardif) (Interferon beta promoter stimulator protein 1) (IPS-1) (Putative NF-kappa-B-activating protein 031N) (Virus-induced-signaling adapter) (VISA),Mitochondrion outer membrane,,,6.191,4.356,6.191,28734,10527,-0.507,REACTOME,Deubiquitination R-HSA-5688426,True
MDM2,,,no,ENSG00000135679,E3 ubiquitin-protein ligase Mdm2,Nucleus,,,5.812,4.051,5.812,26974,9790,-0.521,REACTOME,Deubiquitination R-HSA-5688426,True
MDM4,,,no,ENSG00000198625,Protein Mdm4 (Double minute 4 protein) (Mdm2-like p53-binding protein) (Protein Mdmx) (p53-binding protein Mdm4),Nucleus,IgG-negative class switched memory B cell;precursor B cell;pro-B cell,,2.651,2.659,2.659,12304,6426,0.004,REACTOME,Deubiquitination R-HSA-5688426,False
MYC,,,no,ENSG00000136997,Myc proto-oncogene protein (Class E basic helix-loop-helix protein 39) (bHLHe39) (Proto-oncogene c-Myc) (Transcription factor p64),Nucleus,"mesenchymal stem cell;skeletal muscle satellite stem cell;basal cell of prostate epithelium;tongue muscle cell;skeletal muscle satellite cell;naive thymus-derived CD8-positive, alpha-beta T cell;erythroid lineage cell;erythroid progenitor cell;tendon cell",,1.858,1.706,1.858,8622,4122,-0.123,REACTOME,Deubiquitination R-HSA-5688426,False
NLRP3,,,no,ENSG00000162711,"NACHT, LRR and PYD domains-containing protein 3",Cytoplasm,"phagocyte;elicited macrophage;alternatively activated macrophage;colon macrophage;mononuclear phagocyte;classical monocyte;CD14-positive, CD16-negative classical monocyte;hematopoietic cell;leukocyte;myeloid leukocyte;monocyte;CD14-positive monocyte;intermediate monocyte;myeloid cell",,0.328,0.386,0.386,1520,933,0.237,REACTOME,Deubiquitination R-HSA-5688426,False
NOD1,,,no,ENSG00000106100,Nucleotide-binding oligomerization domain-containing protein 1 (hNod1) (Caspase recruitment domain-containing protein 4),Cell membrane,,,1.075,1.042,1.075,4987,2519,-0.044,REACTOME,Deubiquitination R-HSA-5688426,True
NOD2,,,no,ENSG00000167207,Nucleotide-binding oligomerization domain-containing protein 2 (Caspase recruitment domain-containing protein 15) (Inflammatory bowel disease protein 1),Cell membrane,,,0.287,0.316,0.316,1334,764,0.137,REACTOME,Deubiquitination R-HSA-5688426,True
OGT,,,no,ENSG00000147162,UDP-N-acetylglucosamine--peptide N-acetylglucosaminyltransferase 110 kDa subunit,Nucleus,,,15.415,13.171,15.415,71541,31833,-0.227,REACTOME,Deubiquitination R-HSA-5688426,True
OTUB1,,,no,ENSG00000167770,Ubiquitin thioesterase OTUB1,Cytoplasm,,,3.213,2.102,3.213,14911,5080,-0.612,REACTOME,Deubiquitination R-HSA-5688426,True
POTEF,,,no,ENSG00000196604,POTE ankyrin domain family member F (ANKRD26-like family C member 1B) (Chimeric POTE-actin protein),Cytoplasm,,,0.373,0.604,0.604,1730,1459,0.695,REACTOME,Deubiquitination R-HSA-5688426,True
PRKN,,,no,ENSG00000185345,E3 ubiquitin-protein ligase parkin (Parkin),Cytoplasm,regular atrial cardiac myocyte;regular ventricular cardiac myocyte,,0.185,0.186,0.186,860,449,0.004,REACTOME,Deubiquitination R-HSA-5688426,True
PSMA6,,,no,ENSG00000100902,Proteasome subunit alpha type-6 (27 kDa prosomal protein) (PROS-27) (p27K) (Macropain iota chain) (Multicatalytic endopeptidase complex iota chain) (Proteasome iota chain),Cytoplasm,"professional antigen presenting cell;dendritic cell;T-helper 17 cell;activated CD4-positive, alpha-beta T cell;early lymphoid progenitor;common lymphoid progenitor",,5.023,3.125,5.023,23312,7552,-0.685,REACTOME,Deubiquitination R-HSA-5688426,False
PSMB10,,,no,,,,,,14.328,8.84,14.328,66497,21365,-0.697,REACTOME,Deubiquitination R-HSA-5688426,False
PSMB11,,,no,,,,,,0.17,0.109,0.17,787,264,-0.635,REACTOME,Deubiquitination R-HSA-5688426,False
PSMB5,,,no,ENSG00000100804,Proteasome subunit beta type-5,Cytoplasm,cortical thymic epithelial cell,,2.651,1.595,2.651,12301,3856,-0.732,REACTOME,Deubiquitination R-HSA-5688426,False
PSMB6,,,no,,,,,,7.317,4.869,7.317,33958,11768,-0.588,REACTOME,Deubiquitination R-HSA-5688426,True
PSMB7,,,no,,,,,,10.271,5.831,10.271,47669,14094,-0.817,REACTOME,Deubiquitination R-HSA-5688426,True
PSMB8,,,no,,,,,,8.06,5.111,8.06,37404,12352,-0.657,REACTOME,Deubiquitination R-HSA-5688426,False
PSMB9,,,no,,,,,,8.718,5.961,8.718,40459,14407,-0.548,REACTOME,Deubiquitination R-HSA-5688426,False
PSMC2,,,no,ENSG00000161057,26S proteasome regulatory subunit 7 (26S proteasome AAA-ATPase subunit RPT1) (Proteasome 26S subunit ATPase 2),Cytoplasm,,,3.374,2.053,3.374,15658,4963,-0.716,REACTOME,Deubiquitination R-HSA-5688426,True
PSMC5,,,no,ENSG00000087191,26S proteasome regulatory subunit 8 (26S proteasome AAA-ATPase subunit RPT6) (Proteasome 26S subunit ATPase 5) (Proteasome subunit p45) (Thyroid hormone receptor-interacting protein 1) (TRIP1) (p45/SUG),Cytoplasm,,,12.518,9.134,12.518,58096,22076,-0.455,REACTOME,Deubiquitination R-HSA-5688426,True
PSMD10,,,no,ENSG00000101843,26S proteasome non-ATPase regulatory subunit 10 (26S proteasome regulatory subunit p28) (Gankyrin) (p28(GANK)),Cytoplasm,,,0.903,0.888,0.903,4191,2146,-0.024,REACTOME,Deubiquitination R-HSA-5688426,True
PSMD2,,,no,ENSG00000175166,26S proteasome non-ATPase regulatory subunit 2 (26S proteasome regulatory subunit RPN1) (26S proteasome regulatory subunit S2) (26S proteasome subunit p97) (Protein 55.11) (Tumor necrosis factor type 1 receptor-associated protein 2),,fallopian tube secretory epithelial cell,,6.213,4.966,6.213,28836,12003,-0.323,REACTOME,Deubiquitination R-HSA-5688426,True
PSMD3,,,no,ENSG00000108344,26S proteasome non-ATPase regulatory subunit 3 (26S proteasome regulatory subunit RPN3) (26S proteasome regulatory subunit S3) (Proteasome subunit p58),,,,7.473,5.093,7.473,34681,12310,-0.553,REACTOME,Deubiquitination R-HSA-5688426,True
PSMD4,,,no,ENSG00000159352,26S proteasome non-ATPase regulatory subunit 4 (26S proteasome regulatory subunit RPN10) (26S proteasome regulatory subunit S5A) (Antisecretory factor 1) (AF) (ASF) (Multiubiquitin chain-binding protein),,placental villous trophoblast,,7.275,4.642,7.275,33761,11219,-0.648,REACTOME,Deubiquitination R-HSA-5688426,True
PSME3,,,no,ENSG00000131467,Proteasome activator complex subunit 3 (11S regulator complex subunit gamma) (REG-gamma) (Activator of multicatalytic protease subunit 3) (Ki nuclear autoantigen) (Proteasome activator 28 subunit gamma) (PA28g) (PA28gamma),Nucleus,,,5.832,5.017,5.832,27068,12126,-0.217,REACTOME,Deubiquitination R-HSA-5688426,True
PTEN,,,no,ENSG00000171862,"Phosphatidylinositol 3,4,5-trisphosphate 3-phosphatase and dual-specificity protein phosphatase PTEN",Cytoplasm,melanocyte;melanocyte of skin;kidney interstitial fibroblast;subcutaneous fat cell;epicardial adipocyte,,5.614,4.698,5.614,26052,11354,-0.257,REACTOME,Deubiquitination R-HSA-5688426,False
RHOA,,,no,ENSG00000067560,Transforming protein RhoA,Cell membrane,"pancreatic PP cell;PP cell;mature conventional dendritic cell;myeloid leukocyte;mast cell;mucosal type mast cell;CD34-positive, CD56-positive, CD117-positive common innate lymphoid precursor, human;myeloid cell",,13.254,9.457,13.254,61510,22856,-0.487,REACTOME,Deubiquitination R-HSA-5688426,False
RHOT1,,,no,ENSG00000126858,Mitochondrial Rho GTPase 1 (MIRO-1) (hMiro-1),Mitochondrion outer membrane,,,1.83,2.219,2.219,8492,5362,0.278,REACTOME,Deubiquitination R-HSA-5688426,True
RIPK1,,,no,ENSG00000137275,Receptor-interacting serine/threonine-protein kinase 1,Cytoplasm,,,2.993,2.101,2.993,13891,5077,-0.511,REACTOME,Deubiquitination R-HSA-5688426,True
RIPK2,,,no,ENSG00000104312,Receptor-interacting serine/threonine-protein kinase 2,Cytoplasm,epithelial cell of uterus,,2.585,0.873,2.585,11996,2111,-1.565,REACTOME,Deubiquitination R-HSA-5688426,True
RNF128,,,no,ENSG00000133135,E3 ubiquitin-protein ligase RNF128,Endomembrane system,,,0.239,0.218,0.239,1109,526,-0.135,REACTOME,Deubiquitination R-HSA-5688426,True
RUVBL1,,,no,ENSG00000175792,RuvB-like 1,Nucleus matrix;Nucleus,,,1.393,1.712,1.712,6463,4137,0.298,REACTOME,Deubiquitination R-HSA-5688426,True
SKP2,,,no,ENSG00000145604,S-phase kinase-associated protein 2 (Cyclin-A/CDK2-associated protein p45) (F-box protein Skp2) (F-box/LRR-repeat protein 1) (p45skp2),Cytoplasm,,,1.436,1.32,1.436,6664,3191,-0.121,REACTOME,Deubiquitination R-HSA-5688426,True
SMAD1,,,no,ENSG00000170365,Mothers against decapentaplegic homolog 1 (MAD homolog 1) (Mothers against DPP homolog 1) (JV4-1) (Mad-related protein 1) (SMAD family member 1) (SMAD 1) (Smad1) (hSMAD1) (Transforming growth factor-beta-signaling protein 1) (BSP-1),Cytoplasm,endothelial cell of lymphatic vessel;endothelial cell of uterus;surface ectodermal cell;pre-B-I cell;late pro-B cell,,1.23,0.962,1.23,5710,2326,-0.354,REACTOME,Deubiquitination R-HSA-5688426,False
SMAD2,,,no,ENSG00000175387,Mothers against decapentaplegic homolog 2 (MAD homolog 2) (Mothers against DPP homolog 2) (JV18-1) (Mad-related protein 2) (hMAD-2) (SMAD family member 2) (SMAD 2) (Smad2) (hSMAD2),Cytoplasm,non-pigmented ciliary epithelial cell,,3.998,4.083,4.083,18556,9869,0.03,REACTOME,Deubiquitination R-HSA-5688426,True
SMAD3,,,no,ENSG00000166949,Mothers against decapentaplegic homolog 3 (MAD homolog 3) (Mad3) (Mothers against DPP homolog 3) (hMAD-3) (JV15-2) (SMAD family member 3) (SMAD 3) (Smad3) (hSMAD3),Cytoplasm,corneal epithelial cell;papillary tips cell,,4.138,3.618,4.138,19204,8744,-0.194,REACTOME,Deubiquitination R-HSA-5688426,True
SMAD4,,,no,ENSG00000141646,Mothers against decapentaplegic homolog 4 (MAD homolog 4) (Mothers against DPP homolog 4) (Deletion target in pancreatic carcinoma 4) (SMAD family member 4) (SMAD 4) (Smad4) (hSMAD4),Cytoplasm,,,6.961,5.811,6.961,32306,14045,-0.26,REACTOME,Deubiquitination R-HSA-5688426,True
SMAD7,,,no,ENSG00000101665,Mothers against decapentaplegic homolog 7 (MAD homolog 7) (Mothers against DPP homolog 7) (Mothers against decapentaplegic homolog 8) (MAD homolog 8) (Mothers against DPP homolog 8) (SMAD family member 7) (SMAD 7) (Smad7) (hSMAD7),Nucleus,,,1.244,1.067,1.244,5775,2580,-0.221,REACTOME,Deubiquitination R-HSA-5688426,True
SMURF2,,,no,ENSG00000108854,E3 ubiquitin-protein ligase SMURF2 (hSMURF2),Nucleus,,,2.986,3.82,3.82,13856,9232,0.355,REACTOME,Deubiquitination R-HSA-5688426,True
TAB1,,,no,ENSG00000100324,TGF-beta-activated kinase 1 and MAP3K7-binding protein 1 (Mitogen-activated protein kinase kinase kinase 7-interacting protein 1) (TGF-beta-activated kinase 1-binding protein 1) (TAK1-binding protein 1),,,,3.197,2.888,3.197,14839,6981,-0.147,REACTOME,Deubiquitination R-HSA-5688426,True
TGFB1,,,no,ENSG00000105329,Transforming growth factor beta-1 proprotein,Secreted,"extravillous trophoblast;platelet;myeloid dendritic cell;CD1c-positive myeloid dendritic cell;CD4-positive, alpha-beta cytotoxic T cell;CD8-positive, alpha-beta cytotoxic T cell;mucosal invariant T cell;CD16-positive, CD56-dim natural killer cell, human;megakaryocyte;osteoblast",TGFb,0.781,0.706,0.781,3623,1707,-0.144,REACTOME,Deubiquitination R-HSA-5688426,False
TGFBR1,,,no,ENSG00000106799,TGF-beta receptor type-1 (TGFR-1),Cell membrane,kidney collecting duct principal cell;renal principal cell;microglial cell;mature microglial cell,TGFb;GDF;MSTN,2.658,3.319,3.319,12335,8021,0.32,REACTOME,Deubiquitination R-HSA-5688426,False
TGFBR2,,,no,ENSG00000163513,TGF-beta receptor type-2 (TGFR-2),Cell membrane,retinal blood vessel endothelial cell;kidney capillary endothelial cell;glomerular capillary endothelial cell;lung microvascular endothelial cell;lung endothelial cell;fenestrated cell;glomerular endothelial cell;surface ectodermal cell,TGFb;GDF,16.464,11.742,16.464,76406,28380,-0.488,REACTOME,Deubiquitination R-HSA-5688426,False
TNFAIP3,,,no,,,,,,8.128,3.275,8.128,37722,7915,-1.311,REACTOME,Deubiquitination R-HSA-5688426,False
TNIP1,,,no,ENSG00000145901,TNFAIP3-interacting protein 1 (A20-binding inhibitor of NF-kappa-B activation 1) (ABIN-1) (HIV-1 Nef-interacting protein) (Nef-associated factor 1) (Naf1) (Nip40-1) (Virion-associated nuclear shuttling protein) (VAN) (hVAN),Cytoplasm;Nucleus,,,9.074,6.374,9.074,42113,15404,-0.51,REACTOME,Deubiquitination R-HSA-5688426,True
TNKS,,,no,ENSG00000173273,Poly [ADP-ribose] polymerase tankyrase-1,Cytoplasm,,,1.74,1.804,1.804,8076,4361,0.052,REACTOME,Deubiquitination R-HSA-5688426,True
TP53,,,no,ENSG00000141510,Cellular tumor antigen p53 (Antigen NY-CO-13) (Phosphoprotein p53) (Tumor suppressor p53),Cytoplasm,,,5.407,5.318,5.407,25093,12853,-0.024,REACTOME,Deubiquitination R-HSA-5688426,True
TRAF3,,,no,ENSG00000131323,TNF receptor-associated factor 3,Cytoplasm,,,1.299,1.014,1.299,6028,2451,-0.357,REACTOME,Deubiquitination R-HSA-5688426,False
TRAF6,,,no,ENSG00000175104,TNF receptor-associated factor 6,Cytoplasm,,,1.613,1.487,1.613,7484,3593,-0.117,REACTOME,Deubiquitination R-HSA-5688426,False
TRIM25,,,no,ENSG00000121060,E3 ubiquitin/ISG15 ligase TRIM25,Cytoplasm,,,2.782,2.85,2.85,12911,6887,0.035,REACTOME,Deubiquitination R-HSA-5688426,True
TRRAP,,,no,ENSG00000196367,Transformation/transcription domain-associated protein (350/400 kDa PCAF-associated factor) (PAF350/400) (STAF40) (Tra1 homolog),Nucleus,,,5.521,4.985,5.521,25624,12048,-0.147,REACTOME,Deubiquitination R-HSA-5688426,True
UBE2D1,,,no,ENSG00000072401,Ubiquitin-conjugating enzyme E2 D1,Cytoplasm,,,0.696,1.017,1.017,3230,2458,0.547,REACTOME,Deubiquitination R-HSA-5688426,True
UCHL1,,,no,ENSG00000154277,Ubiquitin carboxyl-terminal hydrolase isozyme L1 (UCH-L1),Cytoplasm,pancreatic endocrine cell;type B pancreatic cell;pancreatic D cell;pancreatic PP cell;enteroendocrine cell;PP cell;endocrine cell;enteric neuron;Cajal-Retzius cell;retinal ganglion cell;peripheral nervous system neuron;sympathetic neuron,,0.593,0.302,0.593,2754,731,-0.972,REACTOME,Deubiquitination R-HSA-5688426,True
USP11,,,no,ENSG00000102226,Ubiquitin carboxyl-terminal hydrolase 11,Nucleus,rod bipolar cell,,8.013,5.548,8.013,37186,13410,-0.53,REACTOME,Deubiquitination R-HSA-5688426,True
USP32,,,no,ENSG00000170832,Ubiquitin carboxyl-terminal hydrolase 32,Golgi apparatus membrane,enucleate erythrocyte,,3.342,3.405,3.405,15512,8229,0.027,REACTOME,Deubiquitination R-HSA-5688426,True
USP5,,,no,ENSG00000111667,Ubiquitin carboxyl-terminal hydrolase 5,,,,6.249,3.684,6.249,28999,8903,-0.762,REACTOME,Deubiquitination R-HSA-5688426,True
USP7,,,no,ENSG00000187555,Ubiquitin carboxyl-terminal hydrolase 7,Nucleus,,,6.556,5.951,6.556,30424,14382,-0.14,REACTOME,Deubiquitination R-HSA-5688426,True
VDAC1,,,no,ENSG00000213585,Voltage-dependent anion-selective channel protein 1 (VDAC-1) (hVDAC1) (Outer mitochondrial membrane protein porin 1) (Plasmalemmal porin) (Porin 31HL) (Porin 31HM),Mitochondrion outer membrane,microfold cell of epithelium of small intestine;osteoclast;ON-bipolar cell;rod bipolar cell;OFF-bipolar cell,,4.546,2.816,4.546,21098,6805,-0.691,REACTOME,Deubiquitination R-HSA-5688426,True
VDAC2,,,no,ENSG00000165637,Voltage-dependent anion-selective channel protein 2 (VDAC-2) (hVDAC2) (Outer mitochondrial membrane protein porin 2),Mitochondrion outer membrane,mast cell;mucosal type mast cell,,5.927,4.008,5.927,27506,9686,-0.565,REACTOME,Deubiquitination R-HSA-5688426,True
YY1,,,no,ENSG00000100811,Transcriptional repressor protein YY1 (Delta transcription factor) (INO80 complex subunit S) (NF-E1) (Yin and yang 1) (YY-1),Nucleus matrix,,,3.277,3.429,3.429,15210,8288,0.065,REACTOME,Deubiquitination R-HSA-5688426,True
