gene,category,rationale,single_gene_panel_note,HALLMARK,KEGG,REACTOME
AAR2,,,,,,
AARSD1,,,,,,
ABCA7,,,,,ABC transporters,ABC Transporters In Lipid Homeostasis R-HSA-1369062;ABC-family Proteins Mediated Transport R-HSA-382556;Transport Of Small Molecules R-HSA-382551
ABCC12,,,,,ABC transporters,
ABCC2,,,,Xenobiotic Metabolism,ABC transporters;Bile secretion,ABC Transporter Disorders R-HSA-5619084;ABC-family Proteins Mediated Transport R-HSA-382556;Aspirin ADME R-HSA-9749641;Atorvastatin ADME R-HSA-9754706;Disease R-HSA-1643685;Disorders Of Transmembrane Transporters R-HSA-5619115;Drug ADME R-HSA-9748784;Heme Degradation R-HSA-189483;Metabolism R-HSA-1430728;Metabolism Of Porphyrins R-HSA-189445;Paracetamol ADME R-HSA-9753281;Transport Of Small Molecules R-HSA-382551
ABCC6,,,,,ABC transporters,ABC Transporter Disorders R-HSA-5619084;ABC-family Proteins Mediated Transport R-HSA-382556;Disease R-HSA-1643685;Disorders Of Transmembrane Transporters R-HSA-5619115;Transport Of Small Molecules R-HSA-382551
ABCF3,,,,,,
ABO,,,,,Glycosphingolipid biosynthesis,Blood Group Systems Biosynthesis R-HSA-9033658;Metabolism R-HSA-1430728;Metabolism Of Carbohydrates R-HSA-71387
ACOD1,,,,,,Metabolism R-HSA-1430728;Metabolism Of Nucleotides R-HSA-15869;Nucleotide Biosynthesis R-HSA-8956320
ACPP,,,,,,
ACRBP,,,,Spermatogenesis,,
ACRV1,,,,Spermatogenesis,,
ACTBL2,,,,,,
ACTL7A,,,,,,
ADGRA1,,,,,,
ADGRA3,,,,,,
ADGRB2,,,,,,
ADGRD2,,,,,,
ADGRG5,,,,,,
ADGRL1,,,,,,
ADNP,,,,,,
ADTRP,,,,,,
AFF2,,,,,,
AFG1L,,,,,,
AFM,,,,,,
AGMAT,,,,,Arginine and proline metabolism,Metabolism R-HSA-1430728;Metabolism Of Amino Acids And Derivatives R-HSA-71291;Metabolism Of Polyamines R-HSA-351202
AHRR,,,,,,Aryl Hydrocarbon Receptor Signaling R-HSA-8937144;Biological Oxidations R-HSA-211859;Cytochrome P450 - Arranged By Substrate Type R-HSA-211897;Endogenous Sterols R-HSA-211976;Metabolism R-HSA-1430728;Metabolism Of Lipids R-HSA-556833;PPARA Activates Gene Expression R-HSA-1989781;Phase I - Functionalization Of Compounds R-HSA-211945;Regulation Of Lipid Metabolism By PPARalpha R-HSA-400206;Xenobiotics R-HSA-211981
AJAP1,,,,,,
AKAP11,,,,,,
AKAP8,,,,,,
AKTIP,,,,,,
ALG11,,,,,N-Glycan biosynthesis;Various types of N-glycan biosynthesis,Asparagine N-linked Glycosylation R-HSA-446203;Biosynthesis Of N-glycan Precursor (Dolichol LLO) And Transfer To Protein R-HSA-446193;Disease R-HSA-1643685;Diseases Associated With N-glycosylation Of Proteins R-HSA-3781860;Diseases Of Glycosylation R-HSA-3781865;Diseases Of Metabolism R-HSA-5668914;Metabolism Of Proteins R-HSA-392499;Post-translational Protein Modification R-HSA-597592
ALG13,,,,,N-Glycan biosynthesis;Various types of N-glycan biosynthesis,Asparagine N-linked Glycosylation R-HSA-446203;Biosynthesis Of N-glycan Precursor (Dolichol LLO) And Transfer To Protein R-HSA-446193;Disease R-HSA-1643685;Diseases Associated With N-glycosylation Of Proteins R-HSA-3781860;Diseases Of Glycosylation R-HSA-3781865;Diseases Of Metabolism R-HSA-5668914;Metabolism Of Proteins R-HSA-392499;Post-translational Protein Modification R-HSA-597592
ALG2,,,,,N-Glycan biosynthesis;Various types of N-glycan biosynthesis,Asparagine N-linked Glycosylation R-HSA-446203;Biosynthesis Of N-glycan Precursor (Dolichol LLO) And Transfer To Protein R-HSA-446193;Disease R-HSA-1643685;Diseases Associated With N-glycosylation Of Proteins R-HSA-3781860;Diseases Of Glycosylation R-HSA-3781865;Diseases Of Metabolism R-HSA-5668914;Metabolism Of Proteins R-HSA-392499;Post-translational Protein Modification R-HSA-597592
ALG6,,,,,N-Glycan biosynthesis,Asparagine N-linked Glycosylation R-HSA-446203;Biosynthesis Of N-glycan Precursor (Dolichol LLO) And Transfer To Protein R-HSA-446193;Disease R-HSA-1643685;Diseases Associated With N-glycosylation Of Proteins R-HSA-3781860;Diseases Of Glycosylation R-HSA-3781865;Diseases Of Metabolism R-HSA-5668914;Metabolism Of Proteins R-HSA-392499;Post-translational Protein Modification R-HSA-597592
ALG9,,,,,N-Glycan biosynthesis;Various types of N-glycan biosynthesis,Asparagine N-linked Glycosylation R-HSA-446203;Biosynthesis Of N-glycan Precursor (Dolichol LLO) And Transfer To Protein R-HSA-446193;Disease R-HSA-1643685;Diseases Associated With N-glycosylation Of Proteins R-HSA-3781860;Diseases Of Glycosylation R-HSA-3781865;Diseases Of Metabolism R-HSA-5668914;Metabolism Of Proteins R-HSA-392499;Post-translational Protein Modification R-HSA-597592
ALKBH5,,,,,,DNA Damage Reversal R-HSA-73942;DNA Repair R-HSA-73894;Reversal Of Alkylation Damage By DNA Dioxygenases R-HSA-73943
ALPK3,,,,,,
ALX1,,,,,,
AMER1,,,,,,APC Truncation Mutants Have Impaired AXIN Binding R-HSA-5467337;Beta-catenin Phosphorylation Cascade R-HSA-196299;CTNNB1 S33 Mutants Not Phosphorylated R-HSA-5358747;Degradation Of Beta-Catenin By Destruction Complex R-HSA-195253;Disassembly Of Destruction Complex And Recruitment Of AXIN To Membrane R-HSA-4641262;Disease R-HSA-1643685;Diseases Of Signal Transduction By Growth Factor Receptors And Second Messengers R-HSA-5663202;Signal Transduction R-HSA-162582;Signaling By WNT R-HSA-195721;Signaling By WNT In Cancer R-HSA-4791275;TCF Dependent Signaling In Response To WNT R-HSA-201681
AMIGO3,,,,,,
ANGPTL6,,,,,,
ANKHD1,,,,,,
ANKK1,,,,,,
ANKRD13D,,,,,,
ANKRD17,,,,,,
ANKRD40,,,,,,
ANKS6,,,,,,
ANXA8,,,,,,
AP5B1,,,,,,
APELA,,,,,,
APH1B,,,,,Alzheimer disease;Notch signaling pathway,"Activated NOTCH1 Transmits Signal To Nucleus R-HSA-2122948;Amyloid Fiber Formation R-HSA-977225;Axon Guidance R-HSA-422475;Cell Death Signaling Via NRAGE, NRIF And NADE R-HSA-204998;Constitutive Signaling By NOTCH1 HD+PEST Domain Mutants R-HSA-2894862;Death Receptor Signaling R-HSA-73887;Developmental Biology R-HSA-1266738;Disease R-HSA-1643685;Diseases Of Signal Transduction By Growth Factor Receptors And Second Messengers R-HSA-5663202;EPH-Ephrin Signaling R-HSA-2682334;EPH-ephrin Mediated Repulsion Of Cells R-HSA-3928665;Metabolism Of Proteins R-HSA-392499;NOTCH2 Activation And Transmission Of Signal To Nucleus R-HSA-2979096;NOTCH3 Activation And Transmission Of Signal To Nucleus R-HSA-9013507;NOTCH4 Activation And Transmission Of Signal To Nucleus R-HSA-9013700;NRIF Signals Cell Death From Nucleus R-HSA-205043;Nervous System Development R-HSA-9675108;Noncanonical Activation Of NOTCH3 R-HSA-9017802;Nuclear Signaling By ERBB4 R-HSA-1251985;Regulated Proteolysis Of p75NTR R-HSA-193692;Signal Transduction R-HSA-162582;Signaling By ERBB4 R-HSA-1236394;Signaling By NOTCH R-HSA-157118;Signaling By NOTCH1 R-HSA-1980143;Signaling By NOTCH2 R-HSA-1980145;Signaling By NOTCH3 R-HSA-9012852;Signaling By NOTCH4 R-HSA-9013694;Signaling By Receptor Tyrosine Kinases R-HSA-9006934;P75 NTR Receptor-Mediated Signaling R-HSA-193704"
API5,,,,,,
APLF,,,,,,
APOBEC3B,,,,,Human immunodeficiency virus 1 infection,Formation Of Editosome R-HSA-75094;Metabolism Of RNA R-HSA-8953854;mRNA Editing R-HSA-75072
APOBEC3D,,,,,Human immunodeficiency virus 1 infection,
APOL1,,,,,African trypanosomiasis,Binding And Uptake Of Ligands By Scavenger Receptors R-HSA-2173782;Metabolism Of Proteins R-HSA-392499;Post-translational Protein Modification R-HSA-597592;Post-translational Protein Phosphorylation R-HSA-8957275;Regulation Of IGF Transport And Uptake By IGFBPs R-HSA-381426;Scavenging Of Heme From Plasma R-HSA-2168880;Vesicle-mediated Transport R-HSA-5653656
APPBP2,,,,Androgen Response,,
APTX,,,,,,
ARFIP1,,,,Protein Secretion,,
ARHGAP36,,,,,,
ARID3B,,,,,,
ARL4D,,,,,,
ARL8B,,,,,Salmonella infection,
ARMC5,,,,,Cushing syndrome,
ARMC7,,,,,,
ARMH3,,,,,,
ART1,,,,,,
ART3,,,,Spermatogenesis,,Metabolism Of Proteins R-HSA-392499;Post-translational Modification: Synthesis Of GPI-anchored Proteins R-HSA-163125;Post-translational Protein Modification R-HSA-597592
ART4,,,,,,Metabolism Of Proteins R-HSA-392499;Post-translational Modification: Synthesis Of GPI-anchored Proteins R-HSA-163125;Post-translational Protein Modification R-HSA-597592
ASCC2,,,,,,DNA Damage Reversal R-HSA-73942;DNA Repair R-HSA-73894;Reversal Of Alkylation Damage By DNA Dioxygenases R-HSA-73943
ASCC3,,,,,,DNA Damage Reversal R-HSA-73942;DNA Repair R-HSA-73894;Reversal Of Alkylation Damage By DNA Dioxygenases R-HSA-73943
ASCL2,,,,,,
ASXL1,,,,,,Deubiquitination R-HSA-5688426;Metabolism Of Proteins R-HSA-392499;Post-translational Protein Modification R-HSA-597592;UCH Proteinases R-HSA-5689603
ATAD3A,,,,,,
ATL1,,,,,,
ATL3,,,,,,
ATOH7,,,,,,
ATPAF1,,,,,,
ATPSCKMT,,,,,,
ATXN1L,,,,,Notch signaling pathway;Pathways of neurodegeneration;Spinocerebellar ataxia,
ATXN2L,,,,,Amyotrophic lateral sclerosis;Pathways of neurodegeneration;Spinocerebellar ataxia,
ATXN7L2,,,,,,
AUNIP,,,,,,
AURKC,,,,,,
AXIN2,,,,Wnt-beta Catenin Signaling,Alzheimer disease;Basal cell carcinoma;Breast cancer;Colorectal cancer;Cushing syndrome;Endometrial cancer;Gastric cancer;Hepatocellular carcinoma;Hippo signaling pathway;Human papillomavirus infection;Pathways in cancer;Pathways of neurodegeneration;Signaling pathways regulating pluripotency of stem cells;Wnt signaling pathway,Beta-catenin Independent WNT Signaling R-HSA-3858494;Binding Of TCF/LEF:CTNNB1 To Target Gene Promoters R-HSA-4411364;Ca2+ Pathway R-HSA-4086398;Degradation Of AXIN R-HSA-4641257;Degradation Of Beta-Catenin By Destruction Complex R-HSA-195253;Deubiquitination R-HSA-5688426;Formation Of beta-catenin:TCF Transactivating Complex R-HSA-201722;Metabolism Of Proteins R-HSA-392499;Post-translational Protein Modification R-HSA-597592;Repression Of WNT Target Genes R-HSA-4641265;Signal Transduction R-HSA-162582;Signaling By WNT R-HSA-195721;TCF Dependent Signaling In Response To WNT R-HSA-201681;Ub-specific Processing Proteases R-HSA-5689880
B4GAT1,,,,,Mannose type O-glycan biosynthesis,Disease R-HSA-1643685;Diseases Associated With O-glycosylation Of Proteins R-HSA-3906995;Diseases Of Glycosylation R-HSA-3781865;Diseases Of Metabolism R-HSA-5668914;Glycosaminoglycan Metabolism R-HSA-1630316;Keratan Sulfate Biosynthesis R-HSA-2022854;Keratan Sulfate/Keratin Metabolism R-HSA-1638074;Metabolism R-HSA-1430728;Metabolism Of Carbohydrates R-HSA-71387;Metabolism Of Proteins R-HSA-392499;O-linked Glycosylation R-HSA-5173105;Post-translational Protein Modification R-HSA-597592
BAG6,,,,,,Insertion Of Tail-Anchored Proteins Into Endoplasmic Reticulum Membrane R-HSA-9609523;Protein Localization R-HSA-9609507
BAP1,,,,,,
BARHL2,,,,,,
BAZ2B,,,,,,
BCAR4,,,,,,
BCAS3,,,,,,
BCCIP,,,,,,
BCKDK,,,,,,Branched-chain Amino Acid Catabolism R-HSA-70895;Metabolism R-HSA-1430728;Metabolism Of Amino Acids And Derivatives R-HSA-71291
BCL2L12,,,,,,
BCL7B,,,,,,
BCL7C,,,,,,
BCORL1,,,,,,
BEAN1,,,,,Spinocerebellar ataxia,
BFSP1,,,,,,
BFSP2,,,,,,
BICRAL,,,,,,
BLOC1S2,,,,,,
BMI1,,,,,MicroRNAs in cancer;Signaling pathways regulating pluripotency of stem cells;Transcriptional misregulation in cancer,
BNC1,,,,,,
BRD3,,,,,,
BRD4,,,,,,Disease R-HSA-1643685;Infectious Disease R-HSA-5663205;Potential Therapeutics For SARS R-HSA-9679191;SARS-CoV Infections R-HSA-9679506
BRI3BP,,,,,,
BRINP1,,,,,,
BRIX1,,,,,,
BRSK2,,,,,,
BSDC1,,,,,,
BTAF1,,,,,,
BTBD9,,,,,,
BTN3A1,,,,,,Adaptive Immune System R-HSA-1280218;Butyrophilin (BTN) Family Interactions R-HSA-8851680;Immune System R-HSA-168256
BTNL2,,,,,,Adaptive Immune System R-HSA-1280218;Butyrophilin (BTN) Family Interactions R-HSA-8851680;Immune System R-HSA-168256
C1QL3,,,,,,
C1QTNF6,,,,,,
C1QTNF9,,,,,,
C1RL,,,,,,
CABCOCO1,,,,,,
CABP4,,,,,,
CABYR,,,,,,
CACUL1,,,,,,
CADM4,,,,,,
CALR3,,,,,,
CAMSAP2,,,,,,
CARF,,,,,,
CASC8,,,,,,
CASS4,,,,,,
CATSPER2,,,,,,Fertilization R-HSA-1187000;Reproduction R-HSA-1474165;Sperm Motility And Taxes R-HSA-1300642
CBARP,,,,,,
CBLIF,,,,,Vitamin digestion and absorption,"Cobalamin (Cbl, Vitamin B12) Transport And Metabolism R-HSA-196741;Defects In Cobalamin (B12) Metabolism R-HSA-3296469;Defects In Vitamin And Cofactor Metabolism R-HSA-3296482;Disease R-HSA-1643685;Diseases Of Metabolism R-HSA-5668914;Metabolism R-HSA-1430728;Metabolism Of Vitamins And Cofactors R-HSA-196854;Metabolism Of Water-Soluble Vitamins And Cofactors R-HSA-196849;Uptake Of Dietary Cobalamins Into Enterocytes R-HSA-9758881"
CBLN3,,,,,,
CBSL,,,,,"Cysteine and methionine metabolism;Glycine, serine and threonine metabolism",
CBWD2,,,,,,
CBX7,,,,,,
CC2D1A,,,,,,
CCAR2,,,,,,Cellular Response To Heat Stress R-HSA-3371556;Cellular Responses To Stimuli R-HSA-8953897;Cellular Responses To Stress R-HSA-2262752;Regulation Of HSF1-mediated Heat Shock Response R-HSA-3371453
CCAT2,,,,,,
CCDC103,,,,,,
CCDC113,,,,,,
CCDC124,,,,,,
CCDC137,,,,,,
CCDC27,,,,,,
CCDC33,,,,,,
CCDC43,,,,,,
CCDC51,,,,,,
CCDC61,,,,,,
CCDC62,,,,,,
CCDC7,,,,,,
CCDC77,,,,,,
CCDC9,,,,,,
CCDC91,,,,,,
CCNY,,,,,,
CD101,,,,,,Adaptive Immune System R-HSA-1280218;Generation Of Second Messenger Molecules R-HSA-202433;Immune System R-HSA-168256;TCR Signaling R-HSA-202403
CD180,,,,,,Immune System R-HSA-168256;Innate Immune System R-HSA-168249;Toll Like Receptor 4 (TLR4) Cascade R-HSA-166016;Toll-like Receptor Cascades R-HSA-168898
CD2BP2,,,,,,Metabolism Of RNA R-HSA-8953854;Processing Of Capped Intron-Containing Pre-mRNA R-HSA-72203;mRNA Splicing - Major Pathway R-HSA-72163;mRNA Splicing R-HSA-72172
CD300C,,,,,,Adaptive Immune System R-HSA-1280218;Immune System R-HSA-168256;Immunoregulatory Interactions Between A Lymphoid And A non-Lymphoid Cell R-HSA-198933
CD3EAP,,,,,,
CD5L,,,,,,
CDAN1,,,,,,
CDC123,,,,,,
CDC42BPG,,,,,,
CDCA2,,,,,,
CDCA7L,,,,,,
CDH22,,,,,,
CDHR1,,,,,,
CDK10,,,,,,
CDK16,,,,,,
CDK18,,,,,,
CDK3,,,,,,
CDK5RAP1,,,,,,
CDKL1,,,,,,
CDKL3,,,,,,
CDR2L,,,,,,
CELSR3,,,,,,
CENPB,,,,,,
CEP112,,,,,,
CEP128,,,,,,
CEP170,,,,,,
CEP19,,,,,,
CEP44,,,,,,
CEP85,,,,,,
CFAP46,,,,,,
CFC1,,,,,,Developmental Biology R-HSA-1266738;Regulation Of Signaling By NODAL R-HSA-1433617;Signaling By NODAL R-HSA-1181150
CFDP1,,,,,,
CHAMP1,,,,,,Antimicrobial Peptides R-HSA-6803157;Immune System R-HSA-168256;Innate Immune System R-HSA-168249;Neutrophil Degranulation R-HSA-6798695
CHD5,,,,,,
CHD7,,,,,,
CHFR,,,,Spermatogenesis,,
CHRAC1,,,,,,
CHST8,,,,Estrogen Response Late,Various types of N-glycan biosynthesis,Asparagine N-linked Glycosylation R-HSA-446203;Metabolism Of Proteins R-HSA-392499;N-glycan Antennae Elongation In medial/trans-Golgi R-HSA-975576;Post-translational Protein Modification R-HSA-597592;Reactions Specific To Complex N-glycan Synthesis Pathway R-HSA-975578;Transport To Golgi And Subsequent Modification R-HSA-948021
CINP,,,,,,
CIP2A,,,,,,
CISD2,,,,,,
CKAP2,,,,,,
CLEC16A,,,,,,
CLEC2A,,,,,,
CLGN,,,,Spermatogenesis,,
CLK2,,,,,,
CLK3,,,,,,
CLK4,,,,,Legionellosis,
CLPX,,,,,,
CLSTN1,,,,,,"Adaptive Immune System R-HSA-1280218;Antigen Activates B Cell Receptor Leading To Second Messenger Generation R-HSA-983695;Axon Guidance R-HSA-422475;Constitutive Signaling By Aberrant PI3K In Cancer R-HSA-2219530;Cytokine Signaling In Immune System R-HSA-1280215;Developmental Biology R-HSA-1266738;Disease R-HSA-1643685;Diseases Of Signal Transduction By Growth Factor Receptors And Second Messengers R-HSA-5663202;Erythropoietin Activates Phosphoinositide-3-kinase (PI3K) R-HSA-9027276;Immune System R-HSA-168256;Interleukin Receptor SHC Signaling R-HSA-912526;Interleukin-2 Family Signaling R-HSA-451927;Interleukin-3, Interleukin-5 And GM-CSF Signaling R-HSA-512988;Intracellular Signaling By Second Messengers R-HSA-9006925;Metabolism R-HSA-1430728;Metabolism Of Lipids R-HSA-556833;Negative Regulation Of PI3K/AKT Network R-HSA-199418;Nervous System Development R-HSA-9675108;PI Metabolism R-HSA-1483255;PI3K/AKT Signaling In Cancer R-HSA-2219528;PI5P, PP2A And IER3 Regulate PI3K/AKT Signaling R-HSA-6811558;PIP3 Activates AKT Signaling R-HSA-1257604;Phospholipid Metabolism R-HSA-1483257;RET Signaling R-HSA-8853659;Regulation Of Signaling By CBL R-HSA-912631;Signal Transduction R-HSA-162582;Signaling By Erythropoietin R-HSA-9006335;Signaling By Interleukins R-HSA-449147;Signaling By B Cell Receptor (BCR) R-HSA-983705;Synthesis Of PIPs At Plasma Membrane R-HSA-1660499"
CMSS1,,,,,,
CMYA5,,,,,,
CNIH4,,,,,,
CNMD,,,,,,
CNNM1,,,,,,
CNNM3,,,,,,
CNST,,,,,,
CNTLN,,,,,,
CNTN6,,,,,,Axon Guidance R-HSA-422475;CHL1 Interactions R-HSA-447041;Developmental Biology R-HSA-1266738;L1CAM Interactions R-HSA-373760;Nervous System Development R-HSA-9675108
CNTNAP3,,,,,,
CNTNAP4,,,,,,
COASY,,,,,Pantothenate and CoA biosynthesis,Coenzyme A Biosynthesis R-HSA-196783;Metabolism R-HSA-1430728;Metabolism Of Nucleotides R-HSA-15869;Metabolism Of Vitamins And Cofactors R-HSA-196854;Metabolism Of Water-Soluble Vitamins And Cofactors R-HSA-196849;Nucleotide Biosynthesis R-HSA-8956320;Purine Ribonucleoside Monophosphate Biosynthesis R-HSA-73817;Vitamin B5 (Pantothenate) Metabolism R-HSA-199220
COIL,,,,Spermatogenesis,,
COLQ,,,,,,
CORIN,,,,,,Cardiac Conduction R-HSA-5576891;Muscle Contraction R-HSA-397014;Physiological Factors R-HSA-5578768
CPA4,,,,,,Metabolism Of Angiotensinogen To Angiotensins R-HSA-2022377;Metabolism Of Proteins R-HSA-392499;Peptide Hormone Metabolism R-HSA-2980736
CPEB1,,,,,Oocyte meiosis;Progesterone-mediated oocyte maturation,
CPNE9,,,,,,
CPZ,,,,,,
CREG2,,,,,,
CRIPT,,,,,,
CRY2,,,,,Circadian rhythm,Circadian Clock R-HSA-400253
CRYBB3,,,,,,
CRYBG3,,,,,,
CRYGC,,,,,,
CRYZL1,,,,,,
CSNK1A1L,,,,,Alzheimer disease;Breast cancer;Gastric cancer;Hedgehog signaling pathway;Hepatocellular carcinoma;Human papillomavirus infection;Pathways of neurodegeneration;Wnt signaling pathway,
CSNK1G1,,,,,Hedgehog signaling pathway,
CSRP3,,,,Myogenesis,,
CST2,,,,,Salivary secretion,
CST4,,,,,Salivary secretion,
CST5,,,,,Salivary secretion,
CTAG1B,,,,,,
CTCFL,,,,,,
CTXN3,,,,,,
CYP20A1,,,,,,
CYREN,,,,,,
DAOA,,,,,,
DBN1,,,,,,"RHO GTPase Cycle R-HSA-9012999;RHOBTB GTPase Cycle R-HSA-9706574;RHOBTB1 GTPase Cycle R-HSA-9013422;RHOBTB2 GTPase Cycle R-HSA-9013418;RHOD GTPase Cycle R-HSA-9013405;RHOH GTPase Cycle R-HSA-9013407;Signal Transduction R-HSA-162582;Signaling By Rho GTPases R-HSA-194315;Signaling By Rho GTPases, Miro GTPases And RHOBTB3 R-HSA-9716542"
DBR1,,,,,,
DDI2,,,,,,
DDX1,,,,,,Metabolism Of RNA R-HSA-8953854;tRNA Processing R-HSA-72306;tRNA Processing In Nucleus R-HSA-6784531
DDX20,,,,,RNA transport,Disease R-HSA-1643685;Infectious Disease R-HSA-5663205;Metabolism Of RNA R-HSA-8953854;Metabolism Of Non-Coding RNA R-HSA-194441;SARS-CoV Infections R-HSA-9679506;SARS-CoV-2 Infection R-HSA-9694516;SARS-CoV-2 Modulates Host Translation Machinery R-HSA-9754678;SARS-CoV-2-host Interactions R-HSA-9705683
DDX27,,,,,,
DDX28,,,,,,
DDX31,,,,,,
DDX43,,,,,,
DDX50,,,,,,
DDX51,,,,,,
DDX53,,,,,,
DDX55,,,,,,
DEPDC7,,,,,,
DHDDS,,,,,Terpenoid backbone biosynthesis,"Asparagine N-linked Glycosylation R-HSA-446203;Biosynthesis Of N-glycan Precursor (Dolichol LLO) And Transfer To Protein R-HSA-446193;Disease R-HSA-1643685;Diseases Associated With Glycosylation Precursor Biosynthesis R-HSA-5609975;Diseases Of Glycosylation R-HSA-3781865;Diseases Of Metabolism R-HSA-5668914;Metabolism Of Proteins R-HSA-392499;Post-translational Protein Modification R-HSA-597592;RAC1 GTPase Cycle R-HSA-9013149;RHO GTPase Effectors R-HSA-195258;RHO GTPase Cycle R-HSA-9012999;RHO GTPases Activate CIT R-HSA-5625900;RHOA GTPase Cycle R-HSA-8980692;RHOB GTPase Cycle R-HSA-9013026;RHOC GTPase Cycle R-HSA-9013106;Signal Transduction R-HSA-162582;Signaling By Rho GTPases R-HSA-194315;Signaling By Rho GTPases, Miro GTPases And RHOBTB3 R-HSA-9716542;Synthesis Of Dolichyl-phosphate R-HSA-446199;Synthesis Of Substrates In N-glycan Biosythesis R-HSA-446219"
DHODH,,,,,Pyrimidine metabolism,Metabolism R-HSA-1430728;Metabolism Of Nucleotides R-HSA-15869;Nucleotide Biosynthesis R-HSA-8956320
DHRS1,,,,Xenobiotic Metabolism,,
DHX29,,,,,,
DHX30,,,,,,
DHX57,,,,,,
DIS3L2,,,,,,
DLEC1,,,,,,
DLX4,,,,,,
DMBX1,,,,,,
DMPK,,,,Myogenesis,,Cardiac Conduction R-HSA-5576891;Ion Homeostasis R-HSA-5578775;Muscle Contraction R-HSA-397014
DMWD,,,,,,
DMXL1,,,,,,
DNAH1,,,,,Amyotrophic lateral sclerosis;Huntington disease;Pathways of neurodegeneration,
DNAH14,,,,,Amyotrophic lateral sclerosis;Huntington disease;Pathways of neurodegeneration,
DNAH2,,,,,Amyotrophic lateral sclerosis;Huntington disease;Pathways of neurodegeneration,
DNAH8,,,,,Amyotrophic lateral sclerosis;Huntington disease;Pathways of neurodegeneration,
DNAI1,,,,,Amyotrophic lateral sclerosis;Huntington disease;Pathways of neurodegeneration,
DNAJA3,,,,,Viral carcinogenesis,
DNAJB5,,,,,,
DNAJC17,,,,,,
DOC2A,,,,,,
DPAGT1,,,,,N-Glycan biosynthesis,Asparagine N-linked Glycosylation R-HSA-446203;Biosynthesis Of N-glycan Precursor (Dolichol LLO) And Transfer To Protein R-HSA-446193;Disease R-HSA-1643685;Diseases Associated With N-glycosylation Of Proteins R-HSA-3781860;Diseases Of Glycosylation R-HSA-3781865;Diseases Of Metabolism R-HSA-5668914;Metabolism Of Proteins R-HSA-392499;Post-translational Protein Modification R-HSA-597592
DPF2,,,,,,
DPF3,,,,,Hepatocellular carcinoma;Thermogenesis,
DPM1,,,,,N-Glycan biosynthesis,Asparagine N-linked Glycosylation R-HSA-446203;Biosynthesis Of N-glycan Precursor (Dolichol LLO) And Transfer To Protein R-HSA-446193;Disease R-HSA-1643685;Diseases Associated With Glycosylation Precursor Biosynthesis R-HSA-5609975;Diseases Of Glycosylation R-HSA-3781865;Diseases Of Metabolism R-HSA-5668914;Metabolism Of Proteins R-HSA-392499;Post-translational Modification: Synthesis Of GPI-anchored Proteins R-HSA-163125;Post-translational Protein Modification R-HSA-597592;Synthesis Of Substrates In N-glycan Biosythesis R-HSA-446219
DPP8,,,,,,
DPPA2,,,,,,
DRC3,,,,,,
DRG1,,,,,,
DTNBP1,,,,,,Golgi Associated Vesicle Biogenesis R-HSA-432722;Membrane Trafficking R-HSA-199991;Vesicle-mediated Transport R-HSA-5653656;trans-Golgi Network Vesicle Budding R-HSA-199992
DUSP13,,,,,,
DUSP28,,,,,,
DUX4,,,,,,
DYDC1,,,,,,
DYRK1B,,,,,,
DZIP1L,,,,,,
E4F1,,,,,,
ECHDC1,,,,,Propanoate metabolism,
ECPAS,,,,,,
EDRF1,,,,,,
EEF1AKNMT,,,,,,
EFHC2,,,,,,
EGFL8,,,,,,
EIF1AD,,,,,,
EIF4EBP2,,,,,Longevity regulating pathway;RNA transport,
EIF4EBP3,,,,,RNA transport,
EIF4ENIF1,,,,,,
EIF5AL1,,,,,,"Gamma Carboxylation, Hypusine Formation And Arylsulfatase Activation R-HSA-163841;Metabolism Of Proteins R-HSA-392499;Post-translational Protein Modification R-HSA-597592"
EIPR1,,,,,,
ELAC1,,,,,RNA transport,
ELFN1,,,,,,
ELMOD1,,,,,,
ELMOD2,,,,,,
ELSPBP1,,,,,,
EMC1,,,,,,
EMC4,,,,,,
EMSY,,,,,,
EN1,,,,,,
EN2,,,,,,
ENOX2,,,,,,
ENTPD2,,,,,Purine metabolism;Taste transduction,Metabolism R-HSA-1430728;Metabolism Of Nucleotides R-HSA-15869;Nucleotide Catabolism R-HSA-8956319;Phosphate Bond Hydrolysis By NTPDase Proteins R-HSA-8850843
EPDR1,,,,,,
EPG5,,,,,,
EPHA1,,,,,Axon guidance,"Axon Guidance R-HSA-422475;Developmental Biology R-HSA-1266738;EPH-Ephrin Signaling R-HSA-2682334;EPH-ephrin Mediated Repulsion Of Cells R-HSA-3928665;Nervous System Development R-HSA-9675108;POU5F1 (OCT4), SOX2, NANOG Activate Genes Related To Proliferation R-HSA-2892247;Transcriptional Regulation Of Pluripotent Stem Cells R-HSA-452723"
EPHA10,,,,,,Axon Guidance R-HSA-422475;Developmental Biology R-HSA-1266738;EPH-Ephrin Signaling R-HSA-2682334;EPH-ephrin Mediated Repulsion Of Cells R-HSA-3928665;Nervous System Development R-HSA-9675108
EPHA4,,,,,Axon guidance,Axon Guidance R-HSA-422475;Developmental Biology R-HSA-1266738;EPH-Ephrin Signaling R-HSA-2682334;EPH-ephrin Mediated Repulsion Of Cells R-HSA-3928665;Nervous System Development R-HSA-9675108
EPHA8,,,,,Axon guidance,Axon Guidance R-HSA-422475;Developmental Biology R-HSA-1266738;EPH-Ephrin Signaling R-HSA-2682334;EPH-ephrin Mediated Repulsion Of Cells R-HSA-3928665;Nervous System Development R-HSA-9675108
EPHB1,,,,,Axon guidance,Axon Guidance R-HSA-422475;Developmental Biology R-HSA-1266738;EPH-Ephrin Signaling R-HSA-2682334;EPH-ephrin Mediated Repulsion Of Cells R-HSA-3928665;Ephrin Signaling R-HSA-3928664;Nervous System Development R-HSA-9675108
EPRS,,,,,,
ERAS,,,,,,
ERFE,,,,,,
ERG28,,,,,,
ERGIC2,,,,,,
ERLIN2,,,,,,ABC Transporter Disorders R-HSA-5619084;ABC-family Proteins Mediated Transport R-HSA-382556;Defective CFTR Causes Cystic Fibrosis R-HSA-5678895;Disease R-HSA-1643685;Diseases Of Signal Transduction By Growth Factor Receptors And Second Messengers R-HSA-5663202;Disorders Of Transmembrane Transporters R-HSA-5619115;FGFR1 Mutant Receptor Activation R-HSA-1839124;Signaling By FGFR In Disease R-HSA-1226099;Signaling By FGFR1 In Disease R-HSA-5655302;Transport Of Small Molecules R-HSA-382551
ERVFRD-1,,,,,,
ESF1,,,,,,
EYA1,,,,,Transcriptional misregulation in cancer,DNA Double Strand Break Response R-HSA-5693606;DNA Double-Strand Break Repair R-HSA-5693532;DNA Repair R-HSA-73894;Recruitment And ATM-mediated Phosphorylation Of Repair And Signal Proteins At DNA Double Strand Breaks R-HSA-5693565
EZHIP,,,,,,
FAAH,,,,,Retrograde endocannabinoid signaling,
FABP3,,,,Myogenesis,PPAR signaling pathway,Metabolism R-HSA-1430728;Metabolism Of Lipids R-HSA-556833;Triglyceride Catabolism R-HSA-163560;Triglyceride Metabolism R-HSA-8979227
FAF2,,,,,,"Immune System R-HSA-168256;Innate Immune System R-HSA-168249;Neutrophil Degranulation R-HSA-6798695;RHO GTPase Cycle R-HSA-9012999;RHOA GTPase Cycle R-HSA-8980692;Signal Transduction R-HSA-162582;Signaling By Rho GTPases R-HSA-194315;Signaling By Rho GTPases, Miro GTPases And RHOBTB3 R-HSA-9716542"
FAIM,,,,,,
FAIM2,,,,,,
FAM117B,,,,,,
FAM131C,,,,,,
FAM161A,,,,,,
FAM168A,,,,,,
FAM193A,,,,,,
FAM3A,,,,,,
FAM53C,,,,,,
FAM76B,,,,,,
FAM98A,,,,,,
FAM9B,,,,,,
FAT2,,,,,,
FBXO16,,,,,,
FBXO25,,,,,FoxO signaling pathway,
FBXO33,,,,,,
FBXO42,,,,,,
FBXO43,,,,,Oocyte meiosis,
FBXO45,,,,,,
FCRL4,,,,,,
FETUB,,,,Xenobiotic Metabolism,,
FEZF2,,,,,,
FIBCD1,,,,,,
FIBP,,,,,,
FKBP15,,,,,,
FKTN,,,,,Mannose type O-glycan biosynthesis,
FLII,,,,Myogenesis,,
FLYWCH1,,,,,,
FMC1,,,,,,
FMO3,,,,Xenobiotic Metabolism,Drug metabolism,Biological Oxidations R-HSA-211859;Disease R-HSA-1643685;Diseases Of Metabolism R-HSA-5668914;Metabolic Disorders Of Biological Oxidation Enzymes R-HSA-5579029;Metabolism R-HSA-1430728;Phase I - Functionalization Of Compounds R-HSA-211945
FN3KRP,,,,,,"Gamma Carboxylation, Hypusine Formation And Arylsulfatase Activation R-HSA-163841;Metabolism Of Proteins R-HSA-392499;Post-translational Protein Modification R-HSA-597592"
FNDC5,,,,,,
FOXB1,,,,,,
FOXD2,,,,,,
FOXE1,,,,,,
FOXE3,,,,,,
FOXI1,,,,,,
FOXP4,,,,,,
FOXRED1,,,,,,
FRA10AC1,,,,,,
FSIP1,,,,,,
FTO,,,,,,DNA Damage Reversal R-HSA-73942;DNA Repair R-HSA-73894;Reversal Of Alkylation Damage By DNA Dioxygenases R-HSA-73943
FUBP3,,,,,,
FUT3,,,,,Glycosphingolipid biosynthesis,Asparagine N-linked Glycosylation R-HSA-446203;Blood Group Systems Biosynthesis R-HSA-9033658;Lewis Blood Group Biosynthesis R-HSA-9037629;Metabolism R-HSA-1430728;Metabolism Of Carbohydrates R-HSA-71387;Metabolism Of Proteins R-HSA-392499;N-glycan Antennae Elongation In medial/trans-Golgi R-HSA-975576;Post-translational Protein Modification R-HSA-597592;Reactions Specific To Complex N-glycan Synthesis Pathway R-HSA-975578;Transport To Golgi And Subsequent Modification R-HSA-948021
FXR2,,,,,RNA transport,
GAGE1,,,,,,
GALP,,,,,,
GANC,,,,,Galactose metabolism;Starch and sucrose metabolism,
GART,,,,Xenobiotic Metabolism,One carbon pool by folate;Purine metabolism,Metabolism R-HSA-1430728;Metabolism Of Nucleotides R-HSA-15869;Nucleotide Biosynthesis R-HSA-8956320;Purine Ribonucleoside Monophosphate Biosynthesis R-HSA-73817
GAS2L1,,,,,,
GBX2,,,,,,
GCKR,,,,Xenobiotic Metabolism,,
GCM1,,,,,"Parathyroid hormone synthesis, secretion and action",
GCN1,,,,,,Cellular Response To Starvation R-HSA-9711097;Cellular Responses To Stimuli R-HSA-8953897;Cellular Responses To Stress R-HSA-2262752;Response Of EIF2AK4 (GCN2) To Amino Acid Deficiency R-HSA-9633012
GCNT4,,,,,Mucin type O-glycan biosynthesis,Metabolism Of Proteins R-HSA-392499;O-linked Glycosylation R-HSA-5173105;O-linked Glycosylation Of Mucins R-HSA-913709;Post-translational Protein Modification R-HSA-597592
GDA,,,,Coagulation,Purine metabolism,Metabolism R-HSA-1430728;Metabolism Of Nucleotides R-HSA-15869;Nucleotide Catabolism R-HSA-8956319;Purine Catabolism R-HSA-74259
GHITM,,,,Adipogenesis,,
GIGYF1,,,,,,
GIPC2,,,,,,
GJB1,,,,,,Developmental Biology R-HSA-1266738;EGR2 And SOX10-mediated Initiation Of Schwann Cell Myelination R-HSA-9619665;Gap Junction Assembly R-HSA-190861;Gap Junction Trafficking R-HSA-190828;Gap Junction Trafficking And Regulation R-HSA-157858;Membrane Trafficking R-HSA-199991;Nervous System Development R-HSA-9675108;Vesicle-mediated Transport R-HSA-5653656
GKN1,,,,,,
GLCCI1,,,,,,
GLOD4,,,,,,
GLYR1,,,,,,
GMEB1,,,,,,
GMEB2,,,,,,
GNB1L,,,,,,
GNL2,,,,,Ribosome biogenesis in eukaryotes,
GPBP1L1,,,,,,
GPN1,,,,,,
GPN2,,,,,,
GPR1,,,,,,
GPR101,,,,,,
GPR12,,,,,,
GPR135,,,,,,
GPR137,,,,,,
GPR139,,,,,,
GPR149,,,,,,
GPR158,,,,,,
GPR22,,,,,,
GPR26,,,,,,
GPR63,,,,,,
GPR85,,,,,,
GPR88,,,,,,
GPRASP1,,,,,,
GPRASP2,,,,,,
GPRIN2,,,,,,
GPT,,,,,"Alanine, aspartate and glutamate metabolism;Arginine biosynthesis",Metabolism R-HSA-1430728;Metabolism Of Amino Acids And Derivatives R-HSA-71291
GRAMD1A,,,,,,
GRAMD2B,,,,,,
GSX2,,,,,,
GTF2A1L,,,,,Basal transcription factors;Viral carcinogenesis,
GTPBP1,,,,,,
GTPBP10,,,,,,
GTPBP4,,,,,Ribosome biogenesis in eukaryotes,
GUCY2C,,,,,Purine metabolism,Digestion R-HSA-8935690;Digestion And Absorption R-HSA-8963743;Disease R-HSA-1643685;Infectious Disease R-HSA-5663205;Uptake And Actions Of Bacterial Toxins R-HSA-5339562
H2AFX,,,,,,
H3F3B,,,,,,
HABP2,,,,,,
HAVCR1,,,,,,Disease R-HSA-1643685;Early SARS-CoV-2 Infection Events R-HSA-9772572;Infectious Disease R-HSA-5663205;SARS-CoV Infections R-HSA-9679506;SARS-CoV-2 Infection R-HSA-9694516
HEATR3,,,,,,
HEATR5A,,,,,,
HEATR5B,,,,,,
HEATR6,,,,,,
HECA,,,,,,Histidine Catabolism R-HSA-70921;Metabolism R-HSA-1430728;Metabolism Of Amino Acids And Derivatives R-HSA-71291
HECTD4,,,,,,
HEPACAM,,,,,,
HESX1,,,,,Signaling pathways regulating pluripotency of stem cells,
HGH1,,,,,,
HHLA2,,,,,,
HIVEP2,,,,,,
HMGN5,,,,,,
HMX2,,,,,,
HNRNPF,,,,,,Cytokine Signaling In Immune System R-HSA-1280215;FGFR2 Alternative Splicing R-HSA-6803529;Gene And Protein Expression By JAK-STAT Signaling After Interleukin-12 Stimulation R-HSA-8950505;Immune System R-HSA-168256;Interleukin-12 Family Signaling R-HSA-447115;Interleukin-12 Signaling R-HSA-9020591;Metabolism Of RNA R-HSA-8953854;Processing Of Capped Intron-Containing Pre-mRNA R-HSA-72203;Signal Transduction R-HSA-162582;Signaling By FGFR R-HSA-190236;Signaling By FGFR2 R-HSA-5654738;Signaling By Interleukins R-HSA-449147;Signaling By Receptor Tyrosine Kinases R-HSA-9006934;mRNA Splicing - Major Pathway R-HSA-72163;mRNA Splicing R-HSA-72172
HOTAIR,,,,,,
HOXA13,,,,,,
HOXA9,,,,,Transcriptional misregulation in cancer,
HOXB6,,,,,,
HOXB7,,,,,,
HOXC11,,,,,,
HPS5,,,,,,
HPSE,,,,,Glycosaminoglycan degradation;Proteoglycans in cancer,Glycosaminoglycan Metabolism R-HSA-1630316;HS-GAG Degradation R-HSA-2024096;Heparan Sulfate/Heparin (HS-GAG) Metabolism R-HSA-1638091;Immune System R-HSA-168256;Innate Immune System R-HSA-168249;Metabolism R-HSA-1430728;Metabolism Of Carbohydrates R-HSA-71387;Neutrophil Degranulation R-HSA-6798695
HS3ST3A1,,,,,Glycosaminoglycan biosynthesis,Glycosaminoglycan Metabolism R-HSA-1630316;HS-GAG Biosynthesis R-HSA-2022928;Heparan Sulfate/Heparin (HS-GAG) Metabolism R-HSA-1638091;Metabolism R-HSA-1430728;Metabolism Of Carbohydrates R-HSA-71387
HSD17B2,,,,Xenobiotic Metabolism,Ovarian steroidogenesis;Steroid hormone biosynthesis,Estrogen Biosynthesis R-HSA-193144;Metabolism R-HSA-1430728;Metabolism Of Lipids R-HSA-556833;Metabolism Of Steroid Hormones R-HSA-196071;Metabolism Of Steroids R-HSA-8957322
HSDL1,,,,,,
HSF1,,,,,Legionellosis,Aggrephagy R-HSA-9646399;Attenuation Phase R-HSA-3371568;Autophagy R-HSA-9612973;Cellular Response To Heat Stress R-HSA-3371556;Cellular Responses To Stimuli R-HSA-8953897;Cellular Responses To Stress R-HSA-2262752;HSF1 Activation R-HSA-3371511;HSF1-dependent Transactivation R-HSA-3371571;Macroautophagy R-HSA-1632852;Regulation Of HSF1-mediated Heat Shock Response R-HSA-3371453;Selective Autophagy R-HSA-9663891
HSF4,,,,,,
HSPB11,,,,,,Cilium Assembly R-HSA-5617833;Intraflagellar Transport R-HSA-5620924;Organelle Biogenesis And Maintenance R-HSA-1852241
HSPB3,,,,,,
HTT,,,,,Huntington disease;Pathways of neurodegeneration,
IARS2,,,,,Aminoacyl-tRNA biosynthesis,Metabolism Of Proteins R-HSA-392499;Mitochondrial tRNA Aminoacylation R-HSA-379726;Translation R-HSA-72766;tRNA Aminoacylation R-HSA-379724
IFI35,,,,Interferon Alpha Response;Interferon Gamma Response,,Cytokine Signaling In Immune System R-HSA-1280215;Immune System R-HSA-168256;Interferon Signaling R-HSA-913531;Interferon Alpha/Beta Signaling R-HSA-909733
IGBP1,,,,,Autophagy,
IGF2BP1,,,,,MicroRNAs in cancer,Insulin-like Growth Factor-2 mRNA Binding Proteins (IGF2BPs/IMPs/VICKZs) Bind RNA R-HSA-428359;MAPK Family Signaling Cascades R-HSA-5683057;MAPK6/MAPK4 Signaling R-HSA-5687128;Metabolism Of RNA R-HSA-8953854;Signal Transduction R-HSA-162582
IGF2BP3,,,,,,Insulin-like Growth Factor-2 mRNA Binding Proteins (IGF2BPs/IMPs/VICKZs) Bind RNA R-HSA-428359;Metabolism Of RNA R-HSA-8953854
IGFN1,,,,,,
IGSF1,,,,Estrogen Response Late,,
IGSF8,,,,,,
IGSF9B,,,,,,
ILDR2,,,,,,
IMPDH1,,,,,Drug metabolism;Purine metabolism,
INCA1,,,,,,
ING1,,,,,,
INKA2,,,,,,
INSRR,,,,,Prostate cancer;Regulation of actin cytoskeleton,
INVS,,,,,Wnt signaling pathway,
IPO11,,,,,,
IPO5,,,,,,Disease R-HSA-1643685;Infectious Disease R-HSA-5663205;Influenza Infection R-HSA-168255;Influenza Viral RNA Transcription And Replication R-HSA-168273;vRNP Assembly R-HSA-192905
IPO9,,,,,,
IPP,,,,,,
IRF2BP1,,,,,,
IRF2BPL,,,,,,
IRGM,,,,,Toxoplasmosis,
IRGQ,,,,,,
ISOC2,,,,,,
ITPRID2,,,,,,
JDP2,,,,,,
JMJD4,,,,,,
JPH1,,,,,,
JPT2,,,,,,
JRK,,,,,,
KCNJ13,,,,,Protein digestion and absorption,
KCNK12,,,,,,Cardiac Conduction R-HSA-5576891;Muscle Contraction R-HSA-397014;Phase 4 - Resting Membrane Potential R-HSA-5576886
KCNRG,,,,,,
KCNT1,,,,,,
KCTD10,,,,,,
KCTD11,,,,,,Metabolism Of Angiotensinogen To Angiotensins R-HSA-2022377;Metabolism Of Proteins R-HSA-392499;Peptide Hormone Metabolism R-HSA-2980736
KCTD20,,,,,,
KCTD5,,,,,,
KCTD9,,,,,,
KDM8,,,,,,
KIAA1191,,,,,,
KIAA2013,,,,,,
KIF1A,,,,,,COPI-dependent Golgi-to-ER Retrograde Traffic R-HSA-6811434;Factors Involved In Megakaryocyte Development And Platelet Production R-HSA-983231;Golgi-to-ER Retrograde Transport R-HSA-8856688;Hemostasis R-HSA-109582;Intra-Golgi And Retrograde Golgi-to-ER Traffic R-HSA-6811442;Kinesins R-HSA-983189;Membrane Trafficking R-HSA-199991;Vesicle-mediated Transport R-HSA-5653656
KLF14,,,,,,
KLF16,,,,,,
KLF17,,,,,,
KLHDC2,,,,,,
KLHL26,,,,,,
KLHL8,,,,,,
KLK10,,,,Estrogen Response Early;Estrogen Response Late,,
KLK15,,,,,,
KNDC1,,,,,,
KNSTRN,,,,,,
KPNA3,,,,,Chemical carcinogenesis;Salmonella infection,Antiviral Mechanism By IFN-stimulated Genes R-HSA-1169410;Cytokine Signaling In Immune System R-HSA-1280215;Disease R-HSA-1643685;ISG15 Antiviral Mechanism R-HSA-1169408;Immune System R-HSA-168256;Infectious Disease R-HSA-5663205;Influenza Infection R-HSA-168255;Interferon Signaling R-HSA-913531;NS1 Mediated Effects On Host Pathways R-HSA-168276
KPRP,,,,,,
LACRT,,,,,,
LAIR1,,,,,,Adaptive Immune System R-HSA-1280218;Immune System R-HSA-168256;Immunoregulatory Interactions Between A Lymphoid And A non-Lymphoid Cell R-HSA-198933;Innate Immune System R-HSA-168249;Neutrophil Degranulation R-HSA-6798695
LANCL2,,,,,,
LARP4,,,,,,
LARP4B,,,,,,
LASP1,,,,,,
LATS2,,,,Interferon Gamma Response,Hippo signaling pathway,Signal Transduction R-HSA-162582;Signaling By Hippo R-HSA-2028269
LBX1,,,,,,
LENG8,,,,,,
LGALS13,,,,,,
LGALS14,,,,,,
LGALS8,,,,,,
LGALSL,,,,,,
LGR4,,,,,Wnt signaling pathway,Regulation Of FZD By Ubiquitination R-HSA-4641263;Signal Transduction R-HSA-162582;Signaling By WNT R-HSA-195721;TCF Dependent Signaling In Response To WNT R-HSA-201681
LILRA6,,,,,B cell receptor signaling pathway;Osteoclast differentiation,Adaptive Immune System R-HSA-1280218;Immune System R-HSA-168256;Immunoregulatory Interactions Between A Lymphoid And A non-Lymphoid Cell R-HSA-198933;Innate Immune System R-HSA-168249;Neutrophil Degranulation R-HSA-6798695
LIM2,,,,,,
LIMK1,,,,,Axon guidance;Fc gamma R-mediated phagocytosis;Human immunodeficiency virus 1 infection;Regulation of actin cytoskeleton;Yersinia infection,"Axon Guidance R-HSA-422475;Developmental Biology R-HSA-1266738;EPH-Ephrin Signaling R-HSA-2682334;EPHB-mediated Forward Signaling R-HSA-3928662;Fcgamma Receptor (FCGR) Dependent Phagocytosis R-HSA-2029480;Immune System R-HSA-168256;Innate Immune System R-HSA-168249;Nervous System Development R-HSA-9675108;RHO GTPase Effectors R-HSA-195258;RHO GTPases Activate ROCKs R-HSA-5627117;RHO GTPases Activate PAKs R-HSA-5627123;Regulation Of Actin Dynamics For Phagocytic Cup Formation R-HSA-2029482;Sema3A PAK Dependent Axon Repulsion R-HSA-399954;Sema4D In Semaphorin Signaling R-HSA-400685;Sema4D Induced Cell Migration And Growth-Cone Collapse R-HSA-416572;Semaphorin Interactions R-HSA-373755;Signal Transduction R-HSA-162582;Signaling By Rho GTPases R-HSA-194315;Signaling By Rho GTPases, Miro GTPases And RHOBTB3 R-HSA-9716542"
LIN28A,,,,,,Developmental Biology R-HSA-1266738;Transcriptional Regulation Of Pluripotent Stem Cells R-HSA-452723
LIN28B,,,,,,
LINS1,,,,,,
LIPF,,,,,Fat digestion and absorption;Glycerolipid metabolism,Digestion R-HSA-8935690;Digestion And Absorption R-HSA-8963743;Digestion Of Dietary Lipid R-HSA-192456
LMBR1L,,,,,,
LONP1,,,,Xenobiotic Metabolism,,Cytokine Signaling In Immune System R-HSA-1280215;Disease R-HSA-1643685;Diseases Of Signal Transduction By Growth Factor Receptors And Second Messengers R-HSA-5663202;FLT3 Signaling In Disease R-HSA-9682385;Immune System R-HSA-168256;Interleukin-4 And Interleukin-13 Signaling R-HSA-6785807;STAT5 Activation Downstream Of FLT3 ITD Mutants R-HSA-9702518;Signaling By FLT3 ITD And TKD Mutants R-HSA-9703648;Signaling By FLT3 Fusion Proteins R-HSA-9703465;Signaling By Interleukins R-HSA-449147
LONRF3,,,,,,
LRATD2,,,,,,
LRBA,,,,,,
LRIF1,,,,,,DNA Double-Strand Break Repair R-HSA-5693532;DNA Repair R-HSA-73894;Nonhomologous End-Joining (NHEJ) R-HSA-5693571
LRRC20,,,,,,
LRRC3,,,,,,
LRRC38,,,,,,
LRRC45,,,,,,
LRRC47,,,,,,
LRRTM1,,,,,,Neurexins And Neuroligins R-HSA-6794361;Neuronal System R-HSA-112316;Protein-protein Interactions At Synapses R-HSA-6794362
LSG1,,,,,Ribosome biogenesis in eukaryotes,
LSM12,,,,,,
LUC7L,,,,,,
LURAP1,,,,,,
LZIC,,,,,,
MAEA,,,,,,
MAGEA11,,,,,,
MAGEB2,,,,,,
MAGEC1,,,,,,
MAGEC2,,,,,,
MAK,,,,Androgen Response,,
MANEA,,,,,,Asparagine N-linked Glycosylation R-HSA-446203;Metabolism Of Proteins R-HSA-392499;N-glycan Trimming And Elongation In cis-Golgi R-HSA-964739;Post-translational Protein Modification R-HSA-597592;Transport To Golgi And Subsequent Modification R-HSA-948021
MAP3K15,,,,,,
MAP4,,,,,,
MAP7D1,,,,,,
MAPK15,,,,,IL-17 signaling pathway,
MAPRE2,,,,,,
MARK2,,,,UV Response Up,,
MAT1A,,,,,Cysteine and methionine metabolism,"Biological Oxidations R-HSA-211859;Disease R-HSA-1643685;Diseases Of Metabolism R-HSA-5668914;Metabolic Disorders Of Biological Oxidation Enzymes R-HSA-5579029;Metabolism R-HSA-1430728;Metabolism Of Amino Acids And Derivatives R-HSA-71291;Metabolism Of Ingested SeMet, Sec, MeSec Into H2Se R-HSA-2408508;Methylation R-HSA-156581;Phase II - Conjugation Of Compounds R-HSA-156580;Selenoamino Acid Metabolism R-HSA-2408522;Sulfur Amino Acid Metabolism R-HSA-1614635"
MBNL1,,,,,,
MCCC1,,,,Adipogenesis,"Valine, leucine and isoleucine degradation",Biotin Transport And Metabolism R-HSA-196780;Branched-chain Amino Acid Catabolism R-HSA-70895;Defective HLCS Causes Multiple Carboxylase Deficiency R-HSA-3371599;Defects In Biotin (Btn) Metabolism R-HSA-3323169;Defects In Vitamin And Cofactor Metabolism R-HSA-3296482;Disease R-HSA-1643685;Diseases Of Metabolism R-HSA-5668914;Metabolism R-HSA-1430728;Metabolism Of Amino Acids And Derivatives R-HSA-71291;Metabolism Of Vitamins And Cofactors R-HSA-196854;Metabolism Of Water-Soluble Vitamins And Cofactors R-HSA-196849
MCM3AP,,,,,,
MCM9,,,,,,
MCTS1,,,,,,
MDM1,,,,,,
MED1,,,,,Thyroid hormone signaling pathway,
MEGF8,,,,,Hedgehog signaling pathway,
MEIS3,,,,,,
MEPCE,,,,,,
METTL16,,,,,,
METTL18,,,,,,
METTL2A,,,,,,
METTL3,,,,Estrogen Response Late,,Metabolism Of RNA R-HSA-8953854;Processing Of Capped Intron-Containing Pre-mRNA R-HSA-72203
MFF,,,,,,
MFRP,,,,,,
MFSD5,,,,,,
MID2,,,,,,
MIEN1,,,,,,
MIIP,,,,,,
MINDY1,,,,Estrogen Response Early,,
MINDY2,,,,,,
MIPOL1,,,,,,
MITD1,,,,,,
MKRN2,,,,,,
MKRN3,,,,,,
MLANA,,,,,,
MMACHC,,,,,Vitamin digestion and absorption,"Cobalamin (Cbl) Metabolism R-HSA-9759218;Cobalamin (Cbl, Vitamin B12) Transport And Metabolism R-HSA-196741;Defects In Cobalamin (B12) Metabolism R-HSA-3296469;Defects In Vitamin And Cofactor Metabolism R-HSA-3296482;Disease R-HSA-1643685;Diseases Of Metabolism R-HSA-5668914;Metabolism R-HSA-1430728;Metabolism Of Vitamins And Cofactors R-HSA-196854;Metabolism Of Water-Soluble Vitamins And Cofactors R-HSA-196849"
MMADHC,,,,,,"Cobalamin (Cbl) Metabolism R-HSA-9759218;Cobalamin (Cbl, Vitamin B12) Transport And Metabolism R-HSA-196741;Defects In Cobalamin (B12) Metabolism R-HSA-3296469;Defects In Vitamin And Cofactor Metabolism R-HSA-3296482;Disease R-HSA-1643685;Diseases Of Metabolism R-HSA-5668914;Metabolism R-HSA-1430728;Metabolism Of Vitamins And Cofactors R-HSA-196854;Metabolism Of Water-Soluble Vitamins And Cofactors R-HSA-196849"
MMEL1,,,,,,
MNS1,,,,,,
MOB4,,,,,,
MON2,,,,Protein Secretion,,
MPDU1,,,,,,Asparagine N-linked Glycosylation R-HSA-446203;Biosynthesis Of N-glycan Precursor (Dolichol LLO) And Transfer To Protein R-HSA-446193;Disease R-HSA-1643685;Diseases Associated With N-glycosylation Of Proteins R-HSA-3781860;Diseases Of Glycosylation R-HSA-3781865;Diseases Of Metabolism R-HSA-5668914;Metabolism Of Proteins R-HSA-392499;Post-translational Protein Modification R-HSA-597592
MPHOSPH9,,,,,,
MR1,,,,,,
MRAP,,,,Adipogenesis,Cortisol synthesis and secretion;Cushing syndrome,
MRAP2,,,,,,
MRFAP1L1,,,,,,
MRGPRX2,,,,,,
MRM3,,,,,,Metabolism Of RNA R-HSA-8953854;rRNA Modification In Mitochondrion R-HSA-6793080;rRNA Processing R-HSA-72312;rRNA Processing In Mitochondrion R-HSA-8868766
MRPL45,,,,,,Metabolism Of Proteins R-HSA-392499;Mitochondrial Translation R-HSA-5368287;Mitochondrial Translation Elongation R-HSA-5389840;Mitochondrial Translation Initiation R-HSA-5368286;Mitochondrial Translation Termination R-HSA-5419276;Translation R-HSA-72766
MRTFA,,,,,,"Metabolism Of Proteins R-HSA-392499;Post-translational Protein Modification R-HSA-597592;RHO GTPase Effectors R-HSA-195258;RHO GTPases Activate Formins R-HSA-5663220;SUMO E3 Ligases SUMOylate Target Proteins R-HSA-3108232;SUMOylation R-HSA-2990846;SUMOylation Of Transcription Cofactors R-HSA-3899300;Signal Transduction R-HSA-162582;Signaling By Rho GTPases R-HSA-194315;Signaling By Rho GTPases, Miro GTPases And RHOBTB3 R-HSA-9716542"
MTAP,,,,,Cysteine and methionine metabolism,Cytokine Signaling In Immune System R-HSA-1280215;Gene And Protein Expression By JAK-STAT Signaling After Interleukin-12 Stimulation R-HSA-8950505;Immune System R-HSA-168256;Interleukin-12 Family Signaling R-HSA-447115;Interleukin-12 Signaling R-HSA-9020591;Metabolism R-HSA-1430728;Metabolism Of Amino Acids And Derivatives R-HSA-71291;Methionine Salvage Pathway R-HSA-1237112;Signaling By Interleukins R-HSA-449147;Sulfur Amino Acid Metabolism R-HSA-1614635
MTERF2,,,,,,
MTFR1L,,,,,,
MTHFD1,,,,Xenobiotic Metabolism,One carbon pool by folate,Metabolism R-HSA-1430728;Metabolism Of Folate And Pterines R-HSA-196757;Metabolism Of Vitamins And Cofactors R-HSA-196854;Metabolism Of Water-Soluble Vitamins And Cofactors R-HSA-196849
MTPAP,,,,,,
MTRES1,,,,,,
MUC19,,,,,,C-type Lectin Receptors (CLRs) R-HSA-5621481;Dectin-2 Family R-HSA-5621480;Defective C1GALT1C1 Causes TNPS R-HSA-5083632;Defective GALNT12 Causes CRCS1 R-HSA-5083636;Defective GALNT3 Causes HFTC R-HSA-5083625;Disease R-HSA-1643685;Diseases Associated With O-glycosylation Of Proteins R-HSA-3906995;Diseases Of Glycosylation R-HSA-3781865;Diseases Of Metabolism R-HSA-5668914;Immune System R-HSA-168256;Innate Immune System R-HSA-168249;Metabolism Of Proteins R-HSA-392499;O-linked Glycosylation R-HSA-5173105;O-linked Glycosylation Of Mucins R-HSA-913709;Post-translational Protein Modification R-HSA-597592;Termination Of O-glycan Biosynthesis R-HSA-977068
MXRA7,,,,,,
MYCBP,,,,,,
MYCL,,,,,,
MYEF2,,,,,,
MYNN,,,,,,
MYO18B,,,,,,
MYO1D,,,,,Pathogenic Escherichia coli infection,
MYOF,,,,Estrogen Response Early;Estrogen Response Late,,
MZF1,,,,,,
NAA15,,,,,,
NAA16,,,,,,
NAA40,,,,,,
NACC2,,,,,,
NAIF1,,,,,,
NAP1L3,,,,,,
NAP1L4,,,,,,
NAP1L5,,,,,,
NAT1,,,,UV Response Up,Caffeine metabolism;Chemical carcinogenesis;Drug metabolism,
NAT10,,,,,Ribosome biogenesis in eukaryotes,Metabolism Of RNA R-HSA-8953854;rRNA Modification In Nucleus And Cytosol R-HSA-6790901;rRNA Processing R-HSA-72312;rRNA Processing In Nucleus And Cytosol R-HSA-8868773
NAT2,,,,,Caffeine metabolism;Chemical carcinogenesis;Drug metabolism,
NBPF3,,,,,,
NCBP3,,,,,,
NCLN,,,,,,
NCSTN,,,,Wnt-beta Catenin Signaling,Alzheimer disease;Notch signaling pathway,"Activated NOTCH1 Transmits Signal To Nucleus R-HSA-2122948;Amyloid Fiber Formation R-HSA-977225;Axon Guidance R-HSA-422475;Cell Death Signaling Via NRAGE, NRIF And NADE R-HSA-204998;Constitutive Signaling By NOTCH1 HD+PEST Domain Mutants R-HSA-2894862;Death Receptor Signaling R-HSA-73887;Degradation Of Extracellular Matrix R-HSA-1474228;Developmental Biology R-HSA-1266738;Disease R-HSA-1643685;Diseases Of Signal Transduction By Growth Factor Receptors And Second Messengers R-HSA-5663202;EPH-Ephrin Signaling R-HSA-2682334;EPH-ephrin Mediated Repulsion Of Cells R-HSA-3928665;Extracellular Matrix Organization R-HSA-1474244;Immune System R-HSA-168256;Innate Immune System R-HSA-168249;Metabolism Of Proteins R-HSA-392499;NOTCH2 Activation And Transmission Of Signal To Nucleus R-HSA-2979096;NOTCH3 Activation And Transmission Of Signal To Nucleus R-HSA-9013507;NOTCH4 Activation And Transmission Of Signal To Nucleus R-HSA-9013700;NRIF Signals Cell Death From Nucleus R-HSA-205043;Nervous System Development R-HSA-9675108;Neutrophil Degranulation R-HSA-6798695;Noncanonical Activation Of NOTCH3 R-HSA-9017802;Nuclear Signaling By ERBB4 R-HSA-1251985;Regulated Proteolysis Of p75NTR R-HSA-193692;Signal Transduction R-HSA-162582;Signaling By ERBB4 R-HSA-1236394;Signaling By NOTCH R-HSA-157118;Signaling By NOTCH1 R-HSA-1980143;Signaling By NOTCH2 R-HSA-1980145;Signaling By NOTCH3 R-HSA-9012852;Signaling By NOTCH4 R-HSA-9013694;Signaling By Receptor Tyrosine Kinases R-HSA-9006934;P75 NTR Receptor-Mediated Signaling R-HSA-193704"
NECAB2,,,,,,
NEK1,,,,,,
NEK3,,,,,,
NEK4,,,,,,
NEK5,,,,,,
NEK8,,,,,,
NEMP1,,,,,,
NEPRO,,,,,,
NEURL4,,,,,,
NEUROG2,,,,,,
NGDN,,,,,,
NIFK,,,,,,
NIPSNAP1,,,,,,
NIPSNAP3A,,,,,,
NKAPD1,,,,,,
NKAPL,,,,,,
NKRF,,,,,,
NKX2-4,,,,,,
NKX2-8,,,,,,
NLE1,,,,,,
NLRP11,,,,,,
NLRP2,,,,,,
NLRP9,,,,,,
NMNAT1,,,,,Nicotinate and nicotinamide metabolism,Metabolism R-HSA-1430728;Metabolism Of Vitamins And Cofactors R-HSA-196854;Metabolism Of Water-Soluble Vitamins And Cofactors R-HSA-196849;Nicotinate Metabolism R-HSA-196807
NOA1,,,,,,
NOC3L,,,,,,
NOL4,,,,,,
NOL4L,,,,,,
NOM1,,,,,,
NOMO3,,,,,,
NOS1AP,,,,,Circadian entrainment,
NOTCH2NLA,,,,,,
NPAT,,,,,,
NPC1L1,,,,,Fat digestion and absorption,Digestion And Absorption R-HSA-8963743;Intestinal Absorption R-HSA-8963676
NRDE2,,,,,,
NRF1,,,,,Apelin signaling pathway;Huntington disease,Metabolism R-HSA-1430728;Metabolism Of Lipids R-HSA-556833;Mitochondrial Biogenesis R-HSA-1592230;Organelle Biogenesis And Maintenance R-HSA-1852241;PPARA Activates Gene Expression R-HSA-1989781;Regulation Of Lipid Metabolism By PPARalpha R-HSA-400206;Transcriptional Activation Of Mitochondrial Biogenesis R-HSA-2151201
NRIP1,,,,Estrogen Response Early;Estrogen Response Late,,Cellular Responses To Stimuli R-HSA-8953897;Cellular Responses To Stress R-HSA-2262752;Circadian Clock R-HSA-400253;ESR-mediated Signaling R-HSA-8939211;Estrogen-dependent Gene Expression R-HSA-9018519;Heme Signaling R-HSA-9707616;Metabolism Of Proteins R-HSA-392499;NR1H2 And NR1H3 Regulate Gene Expression Linked To Gluconeogenesis R-HSA-9632974;NR1H2 And NR1H3 Regulate Gene Expression Linked To Lipogenesis R-HSA-9029558;NR1H2 And NR1H3-mediated Signaling R-HSA-9024446;Post-translational Protein Modification R-HSA-597592;SUMO E3 Ligases SUMOylate Target Proteins R-HSA-3108232;SUMOylation R-HSA-2990846;SUMOylation Of Transcription Cofactors R-HSA-3899300;Signal Transduction R-HSA-162582;Signaling By Nuclear Receptors R-HSA-9006931
NRSN2,,,,,,
NSUN2,,,,,,Metabolism Of RNA R-HSA-8953854;tRNA Modification In Nucleus And Cytosol R-HSA-6782315;tRNA Processing R-HSA-72306
NSUN5,,,,,,
NT5DC2,,,,,,
NT5DC3,,,,,,
NTMT1,,,,,,
NTPCR,,,,,Purine metabolism;Thiamine metabolism,
NUAK2,,,,,,
NUDCD1,,,,,,
NUDCD2,,,,,,
NUDT16L1,,,,,Proteoglycans in cancer,
NUMB,,,,Wnt-beta Catenin Signaling,Notch signaling pathway,Activated NOTCH1 Transmits Signal To Nucleus R-HSA-2122948;Axon Guidance R-HSA-422475;Degradation Of GLI1 By Proteasome R-HSA-5610780;Developmental Biology R-HSA-1266738;Hedgehog Off State R-HSA-5610787;Hedgehog On State R-HSA-5632684;L1CAM Interactions R-HSA-373760;Nervous System Development R-HSA-9675108;Recycling Pathway Of L1 R-HSA-437239;Signal Transduction R-HSA-162582;Signaling By Hedgehog R-HSA-5358351;Signaling By NOTCH R-HSA-157118;Signaling By NOTCH1 R-HSA-1980143
NUTF2,,,,,,
NVL,,,,,Ribosome biogenesis in eukaryotes,
NYX,,,,,,
OBP2A,,,,,,
OCM2,,,,,,
OCRL,,,,Protein Secretion,Inositol phosphate metabolism;Phosphatidylinositol signaling system,"Clathrin-mediated Endocytosis R-HSA-8856828;Golgi Associated Vesicle Biogenesis R-HSA-432722;Inositol Phosphate Metabolism R-HSA-1483249;Membrane Trafficking R-HSA-199991;Metabolism R-HSA-1430728;Metabolism Of Lipids R-HSA-556833;PI Metabolism R-HSA-1483255;Phospholipid Metabolism R-HSA-1483257;RAC3 GTPase Cycle R-HSA-9013423;RHO GTPase Cycle R-HSA-9012999;RHOJ GTPase Cycle R-HSA-9013409;Signal Transduction R-HSA-162582;Signaling By Rho GTPases R-HSA-194315;Signaling By Rho GTPases, Miro GTPases And RHOBTB3 R-HSA-9716542;Synthesis Of IP2, IP, And Ins In Cytosol R-HSA-1855183;Synthesis Of IP3 And IP4 In Cytosol R-HSA-1855204;Synthesis Of PIPs At Golgi Membrane R-HSA-1660514;Synthesis Of PIPs At Plasma Membrane R-HSA-1660499;Vesicle-mediated Transport R-HSA-5653656;trans-Golgi Network Vesicle Budding R-HSA-199992"
ODR4,,,,,,
OGFR,,,,Interferon Alpha Response;Interferon Gamma Response,,
OLIG2,,,,,,
ONECUT3,,,,,,Developmental Biology R-HSA-1266738;Regulation Of Beta-Cell Development R-HSA-186712;Regulation Of Gene Expression In Early Pancreatic Precursor Cells R-HSA-210747;Regulation Of Gene Expression In Late Stage (Branching Morphogenesis) Pancreatic Bud Precursor Cells R-HSA-210744
OPALIN,,,,,,
OSCP1,,,,,,
OSGIN2,,,,,,
OTOF,,,,,,Insertion Of Tail-Anchored Proteins Into Endoplasmic Reticulum Membrane R-HSA-9609523;Protein Localization R-HSA-9609507;Sensory Perception R-HSA-9709957;Sensory Processing Of Sound R-HSA-9659379;Sensory Processing Of Sound By Inner Hair Cells Of Cochlea R-HSA-9662360
OTUB1,,,,,,Deubiquitination R-HSA-5688426;Metabolism Of Proteins R-HSA-392499;Ovarian Tumor Domain Proteases R-HSA-5689896;Post-translational Protein Modification R-HSA-597592;Ub-specific Processing Proteases R-HSA-5689880
OVOL2,,,,Estrogen Response Early;Estrogen Response Late,,
OXSM,,,,,Fatty acid biosynthesis,
PACC1,,,,,,
PANK2,,,,,Pantothenate and CoA biosynthesis,Coenzyme A Biosynthesis R-HSA-196783;Metabolism R-HSA-1430728;Metabolism Of Vitamins And Cofactors R-HSA-196854;Metabolism Of Water-Soluble Vitamins And Cofactors R-HSA-196849;Vitamin B5 (Pantothenate) Metabolism R-HSA-199220
PANX2,,,,,,Neuronal System R-HSA-112316
PANX3,,,,,,
PAPSS1,,,,,Purine metabolism;Selenocompound metabolism;Sulfur metabolism,Biological Oxidations R-HSA-211859;Cytosolic Sulfonation Of Small Molecules R-HSA-156584;Disease R-HSA-1643685;Diseases Of Signal Transduction By Growth Factor Receptors And Second Messengers R-HSA-5663202;Glycosaminoglycan Metabolism R-HSA-1630316;Metabolism R-HSA-1430728;Metabolism Of Amino Acids And Derivatives R-HSA-71291;Metabolism Of Carbohydrates R-HSA-71387;Oncogenic MAPK Signaling R-HSA-6802957;Phase II - Conjugation Of Compounds R-HSA-156580;Selenoamino Acid Metabolism R-HSA-2408522;Signaling By BRAF And RAF1 Fusions R-HSA-6802952;Transport And Synthesis Of PAPS R-HSA-174362
PARP11,,,,,,
PART1,,,,,,
PASD1,,,,,,
PAX7,,,,,Transcriptional misregulation in cancer,
PBDC1,,,,,,
PBX3,,,,,Transcriptional misregulation in cancer,
PCA3,,,,,,
PCBD2,,,,,Folate biosynthesis,
PCDH10,,,,,,
PCDH20,,,,,,
PCDH8,,,,,,
PCDHA1,,,,,,
PCDHA2,,,,,,
PCDHA9,,,,,,
PCDHB14,,,,,,
PCGEM1,,,,,,
PCID2,,,,,,
PCNX3,,,,,,
PDCD10,,,,,,
PDE4DIP,,,,Myogenesis,,
PDZD4,,,,,,
PDZD7,,,,,,
PEF1,,,,Coagulation,,
PELP1,,,,,,Major Pathway Of rRNA Processing In Nucleolus And Cytosol R-HSA-6791226;Metabolism Of RNA R-HSA-8953854;PTK6 Expression R-HSA-8849473;Signal Transduction R-HSA-162582;Signaling By Non-Receptor Tyrosine Kinases R-HSA-9006927;rRNA Processing R-HSA-72312;rRNA Processing In Nucleus And Cytosol R-HSA-8868773
PER2,,,,,Acute myeloid leukemia;Circadian entrainment;Circadian rhythm;Transcriptional misregulation in cancer,Circadian Clock R-HSA-400253
PGA3,,,,,Protein digestion and absorption,Metabolism Of Proteins R-HSA-392499;Surfactant Metabolism R-HSA-5683826
PGAP1,,,,,Glycosylphosphatidylinositol (GPI)-anchor biosynthesis,Attachment Of GPI Anchor To uPAR R-HSA-162791;Metabolism Of Proteins R-HSA-392499;Post-translational Modification: Synthesis Of GPI-anchored Proteins R-HSA-163125;Post-translational Protein Modification R-HSA-597592
PGAP2,,,,,,
PGBD1,,,,,,
PGGT1B,,,,,,
PHETA1,,,,,,
PHF10,,,,,Hepatocellular carcinoma,
PHF12,,,,,,
PHF21B,,,,,,
PHF23,,,,,,
PHF6,,,,,,
PHF7,,,,Spermatogenesis,,
PHLDB3,,,,,,
PI4KA,,,,,Inositol phosphate metabolism;Phosphatidylinositol signaling system,Metabolism R-HSA-1430728;Metabolism Of Lipids R-HSA-556833;PI Metabolism R-HSA-1483255;Phospholipid Metabolism R-HSA-1483257;Synthesis Of PIPs At ER Membrane R-HSA-1483248;Synthesis Of PIPs At Golgi Membrane R-HSA-1660514
PIBF1,,,,,,
PIEZO1,,,,,,
PIGF,,,,,Glycosylphosphatidylinositol (GPI)-anchor biosynthesis,Metabolism Of Proteins R-HSA-392499;Post-translational Modification: Synthesis Of GPI-anchored Proteins R-HSA-163125;Post-translational Protein Modification R-HSA-597592;Synthesis Of Glycosylphosphatidylinositol (GPI) R-HSA-162710
PIH1D1,,,,,,
PIMREG,,,,,,
PKD2L1,,,,,Taste transduction,
PKIA,,,,Myogenesis,Alcoholism,
PLAGL2,,,,,,
PLEKHB2,,,,,,
PLIN5,,,,,PPAR signaling pathway,
PM20D2,,,,,,
PMFBP1,,,,,,
PMS1,,,,,,
PNMA2,,,,,,
PNPLA1,,,,,,
POGLUT2,,,,,,
POGZ,,,,,,
POLDIP2,,,,,,
POLR2M,,,,,,
POMGNT1,,,,,Mannose type O-glycan biosynthesis,Disease R-HSA-1643685;Diseases Associated With O-glycosylation Of Proteins R-HSA-3906995;Diseases Of Glycosylation R-HSA-3781865;Diseases Of Metabolism R-HSA-5668914;Metabolism Of Proteins R-HSA-392499;O-linked Glycosylation R-HSA-5173105;Post-translational Protein Modification R-HSA-597592
POMT1,,,,,Mannose type O-glycan biosynthesis;Other types of O-glycan biosynthesis,Disease R-HSA-1643685;Diseases Associated With O-glycosylation Of Proteins R-HSA-3906995;Diseases Of Glycosylation R-HSA-3781865;Diseases Of Metabolism R-HSA-5668914;Metabolism Of Proteins R-HSA-392499;O-linked Glycosylation R-HSA-5173105;Post-translational Protein Modification R-HSA-597592
POPDC3,,,,,,
PORCN,,,,,Wnt signaling pathway,Disease R-HSA-1643685;Diseases Of Signal Transduction By Growth Factor Receptors And Second Messengers R-HSA-5663202;Signal Transduction R-HSA-162582;Signaling By WNT R-HSA-195721;Signaling By WNT In Cancer R-HSA-4791275;WNT Ligand Biogenesis And Trafficking R-HSA-3238698
POTEI,,,,,,
POTEJ,,,,,,
POU1F1,,,,,"Growth hormone synthesis, secretion and action",
POU3F1,,,,,,Developmental Biology R-HSA-1266738;EGR2 And SOX10-mediated Initiation Of Schwann Cell Myelination R-HSA-9619665;Nervous System Development R-HSA-9675108
POU3F4,,,,,,
PPIC,,,,,,
PPP1R15B,,,,Adipogenesis,,
PPP1R16B,,,,,,
PPP1R1C,,,,,,
PPP1R37,,,,,,
PPP1R7,,,,,,
PPP1R9B,,,,,,
PPP4R4,,,,,,
PRDM10,,,,,,
PRDM12,,,,,,
PRDM15,,,,,,
PREPL,,,,,,
PRKD3,,,,,Aldosterone synthesis and secretion;Rap1 signaling pathway,Metabolism R-HSA-1430728;Metabolism Of Lipids R-HSA-556833;Sphingolipid De Novo Biosynthesis R-HSA-1660661;Sphingolipid Metabolism R-HSA-428157
PRMT8,,,,,,
PRNCR1,,,,,,
PROM2,,,,,,
PROSER1,,,,,,
PRPSAP1,,,,,,
PRR11,,,,,,
PRR13,,,,,,
PRR14L,,,,,,
PRRC2A,,,,,,
PRRG2,,,,,,
PRRT2,,,,,,
PSKH1,,,,,,
PSPC1,,,,,,
PTBP1,,,,,,FGFR2 Alternative Splicing R-HSA-6803529;Metabolism Of RNA R-HSA-8953854;Processing Of Capped Intron-Containing Pre-mRNA R-HSA-72203;Signal Transduction R-HSA-162582;Signaling By FGFR R-HSA-190236;Signaling By FGFR2 R-HSA-5654738;Signaling By Receptor Tyrosine Kinases R-HSA-9006934;mRNA Splicing - Major Pathway R-HSA-72163;mRNA Splicing R-HSA-72172
PTCD1,,,,,,
PTCD3,,,,Adipogenesis,,Metabolism Of Proteins R-HSA-392499;Mitochondrial Translation R-HSA-5368287;Mitochondrial Translation Elongation R-HSA-5389840;Mitochondrial Translation Initiation R-HSA-5368286;Mitochondrial Translation Termination R-HSA-5419276;Translation R-HSA-72766
PTDSS1,,,,,Glycerophospholipid metabolism,Glycerophospholipid Biosynthesis R-HSA-1483206;Metabolism R-HSA-1430728;Metabolism Of Lipids R-HSA-556833;Phospholipid Metabolism R-HSA-1483257
PTGFRN,,,,,,
PTP4A1,,,,,,
PTPDC1,,,,,,
PTPRU,,,,,,Signal Transduction R-HSA-162582;Signaling By NTRK3 (TRKC) R-HSA-9034015;Signaling By NTRKs R-HSA-166520;Signaling By Receptor Tyrosine Kinases R-HSA-9006934;Signaling By SCF-KIT R-HSA-1433557
PUM3,,,,,,
PURB,,,,,,
PUSL1,,,,,,
PWWP3A,,,,,,
QPCTL,,,,,,
R3HDM1,,,,,,
R3HDM2,,,,,,
RAB28,,,,,,
RAB6C,,,,,,
RABL2B,,,,,,
RABL3,,,,,,
RABL6,,,,,,
RAD18,,,,,,DNA Damage Bypass R-HSA-73893;DNA Repair R-HSA-73894;E3 Ubiquitin Ligases Ubiquitinate Target Proteins R-HSA-8866654;Metabolism Of Proteins R-HSA-392499;Post-translational Protein Modification R-HSA-597592;Protein Ubiquitination R-HSA-8852135;Recognition Of DNA Damage By PCNA-containing Replication Complex R-HSA-110314
RAD54L2,,,,,,
RAI2,,,,,,
RALGPS1,,,,,,
RANBP3,,,,,Human T-cell leukemia virus 1 infection,
RAP2A,,,,,,
RASSF2,,,,,Hippo signaling pathway,
RASSF3,,,,,,
RASSF4,,,,,Hippo signaling pathway,
RAVER1,,,,,,
RBM10,,,,,,
RBM12,,,,,,
RBM15,,,,,,"RHO GTPase Cycle R-HSA-9012999;RHOBTB GTPase Cycle R-HSA-9706574;RHOBTB1 GTPase Cycle R-HSA-9013422;Signal Transduction R-HSA-162582;Signaling By Rho GTPases R-HSA-194315;Signaling By Rho GTPases, Miro GTPases And RHOBTB3 R-HSA-9716542"
RBM19,,,,,,
RBM20,,,,,,
RBM23,,,,,,
RBM27,,,,,,
RBM34,,,,,,
RC3H1,,,,,,
RC3H2,,,,,,
RCOR3,,,,,,
RDM1,,,,,,
RECK,,,,,MicroRNAs in cancer,Metabolism Of Proteins R-HSA-392499;Post-translational Modification: Synthesis Of GPI-anchored Proteins R-HSA-163125;Post-translational Protein Modification R-HSA-597592
RECQL4,,,,,,
REEP4,,,,,,
REN,,,,,Diabetic cardiomyopathy;Renin secretion;Renin-angiotensin system,
REPS1,,,,,,"CDC42 GTPase Cycle R-HSA-9013148;Cargo Recognition For Clathrin-Mediated Endocytosis R-HSA-8856825;Clathrin-mediated Endocytosis R-HSA-8856828;Membrane Trafficking R-HSA-199991;RAC1 GTPase Cycle R-HSA-9013149;RHO GTPase Cycle R-HSA-9012999;Signal Transduction R-HSA-162582;Signaling By Rho GTPases R-HSA-194315;Signaling By Rho GTPases, Miro GTPases And RHOBTB3 R-HSA-9716542;Vesicle-mediated Transport R-HSA-5653656"
RETREG1,,,,Estrogen Response Early,,
RETREG3,,,,,,
RFPL3,,,,,,
RFX1,,,,,,
RFX4,,,,,,
RGN,,,,Coagulation,Ascorbate and aldarate metabolism;Pentose phosphate pathway,
RGPD1,,,,,,Intra-Golgi And Retrograde Golgi-to-ER Traffic R-HSA-6811442;Intra-Golgi Traffic R-HSA-6811438;Membrane Trafficking R-HSA-199991;RAB GEFs Exchange GTP For GDP On RABs R-HSA-8876198;Rab Regulation Of Trafficking R-HSA-9007101;Retrograde Transport At Trans-Golgi-Network R-HSA-6811440;Vesicle-mediated Transport R-HSA-5653656
RGPD6,,,,,,
RGPD8,,,,,,
RHBDD1,,,,,,
RHOXF2,,,,,,
RIC8A,,,,,,
RIMS3,,,,,,
RIMS4,,,,,,
RIOX1,,,,,,
RITA1,,,,,,
RLF,,,,,,
RMDN1,,,,,,
RMND1,,,,,,
RMND5A,,,,,,
RNF112,,,,,,
RNF121,,,,,,
RNF128,,,,,,Deubiquitination R-HSA-5688426;Metabolism Of Proteins R-HSA-392499;Ovarian Tumor Domain Proteases R-HSA-5689896;Post-translational Protein Modification R-HSA-597592;Ub-specific Processing Proteases R-HSA-5689880
RNF180,,,,,,
RNF187,,,,,,
RNF26,,,,,,
RNF38,,,,,,
RNF43,,,,,Wnt signaling pathway,Disease R-HSA-1643685;Diseases Of Signal Transduction By Growth Factor Receptors And Second Messengers R-HSA-5663202;Regulation Of FZD By Ubiquitination R-HSA-4641263;Signal Transduction R-HSA-162582;Signaling By RNF43 Mutants R-HSA-5340588;Signaling By WNT R-HSA-195721;Signaling By WNT In Cancer R-HSA-4791275;TCF Dependent Signaling In Response To WNT R-HSA-201681
RO60,,,,,Systemic lupus erythematosus,Antimicrobial Peptides R-HSA-6803157;Immune System R-HSA-168256;Innate Immune System R-HSA-168249
RP1L1,,,,,,
RPAP1,,,,,,
RPAP3,,,,,,
RPF1,,,,,,
RPRML,,,,,,
RPUSD2,,,,,,
RRP15,,,,,,
RRP1B,,,,,,Major Pathway Of rRNA Processing In Nucleolus And Cytosol R-HSA-6791226;Metabolism Of RNA R-HSA-8953854;rRNA Processing R-HSA-72312;rRNA Processing In Nucleus And Cytosol R-HSA-8868773
RRS1,,,,,,
RS1,,,,,,
RSBN1,,,,,,
RSPH9,,,,,,
RSPRY1,,,,,,
RSRC1,,,,,,
RTCB,,,,,,Metabolism Of RNA R-HSA-8953854;tRNA Processing R-HSA-72306;tRNA Processing In Nucleus R-HSA-6784531
RTL1,,,,,,
RTN4IP1,,,,,,
RUBCN,,,,,Autophagy,
RWDD1,,,,,,
RWDD4,,,,,,
S100A3,,,,,,
SAA4,,,,,,
SACS,,,,,,
SAFB,,,,,,Metabolism Of Proteins R-HSA-392499;Post-translational Protein Modification R-HSA-597592;SUMO E3 Ligases SUMOylate Target Proteins R-HSA-3108232;SUMOylation R-HSA-2990846;SUMOylation Of Transcription Cofactors R-HSA-3899300
SALL4,,,,,,"Developmental Biology R-HSA-1266738;Intracellular Signaling By Second Messengers R-HSA-9006925;PIP3 Activates AKT Signaling R-HSA-1257604;POU5F1 (OCT4), SOX2, NANOG Activate Genes Related To Proliferation R-HSA-2892247;PTEN Regulation R-HSA-6807070;Regulation Of PTEN Gene Transcription R-HSA-8943724;Signal Transduction R-HSA-162582;Transcriptional Regulation Of Pluripotent Stem Cells R-HSA-452723"
SAMD5,,,,,,
SAPCD2,,,,,,
SART3,,,,,,
SAXO1,,,,,,
SBNO1,,,,,,
SCAMP4,,,,,,
SCAPER,,,,,,
SCFD2,,,,,,
SCGB1D1,,,,,,"LDL Clearance R-HSA-8964038;Plasma Lipoprotein Assembly, Remodeling, And Clearance R-HSA-174824;Plasma Lipoprotein Clearance R-HSA-8964043;Transport Of Small Molecules R-HSA-382551"
SCML2,,,,,,
SCN3A,,,,,Taste transduction,"Axon Guidance R-HSA-422475;Cardiac Conduction R-HSA-5576891;Developmental Biology R-HSA-1266738;Interaction Between L1 And Ankyrins R-HSA-445095;L1CAM Interactions R-HSA-373760;Muscle Contraction R-HSA-397014;Nervous System Development R-HSA-9675108;Phase 0 - Rapid Depolarisation R-HSA-5576892;Sensory Perception R-HSA-9709957;Sensory Perception Of Sweet, Bitter, And Umami (Glutamate) Taste R-HSA-9717207;Sensory Perception Of Taste R-HSA-9717189"
SCN4B,,,,,Adrenergic signaling in cardiomyocytes,"Axon Guidance R-HSA-422475;Cardiac Conduction R-HSA-5576891;Developmental Biology R-HSA-1266738;Interaction Between L1 And Ankyrins R-HSA-445095;L1CAM Interactions R-HSA-373760;Muscle Contraction R-HSA-397014;Nervous System Development R-HSA-9675108;Phase 0 - Rapid Depolarisation R-HSA-5576892;Sensory Perception R-HSA-9709957;Sensory Perception Of Sweet, Bitter, And Umami (Glutamate) Taste R-HSA-9717207;Sensory Perception Of Taste R-HSA-9717189"
SCN8A,,,,UV Response Dn,,Axon Guidance R-HSA-422475;Cardiac Conduction R-HSA-5576891;Developmental Biology R-HSA-1266738;Interaction Between L1 And Ankyrins R-HSA-445095;L1CAM Interactions R-HSA-373760;Muscle Contraction R-HSA-397014;Nervous System Development R-HSA-9675108;Phase 0 - Rapid Depolarisation R-HSA-5576892
SCRN1,,,,Protein Secretion,,
SDHAF3,,,,,,
SDK2,,,,,,Cell Junction Organization R-HSA-446728;Cell-Cell Communication R-HSA-1500931;Cell-cell Junction Organization R-HSA-421270
SEC16A,,,,,,Asparagine N-linked Glycosylation R-HSA-446203;COPII-mediated Vesicle Transport R-HSA-204005;ER To Golgi Anterograde Transport R-HSA-199977;Membrane Trafficking R-HSA-199991;Metabolism Of Proteins R-HSA-392499;Post-translational Protein Modification R-HSA-597592;Transport To Golgi And Subsequent Modification R-HSA-948021;Vesicle-mediated Transport R-HSA-5653656
SEMA3F,,,,,Axon guidance,
SEMA4B,,,,,Axon guidance,
SEMA4C,,,,,Axon guidance,
SENP1,,,,,,"Metabolism Of Proteins R-HSA-392499;Post-translational Protein Modification R-HSA-597592;Processing And Activation Of SUMO R-HSA-3215018;RHO GTPase Cycle R-HSA-9012999;RHOF GTPase Cycle R-HSA-9035034;SUMO Is Proteolytically Processed R-HSA-3065679;SUMOylation R-HSA-2990846;Signal Transduction R-HSA-162582;Signaling By Rho GTPases R-HSA-194315;Signaling By Rho GTPases, Miro GTPases And RHOBTB3 R-HSA-9716542"
SENP6,,,,,,
SEPTIN5,,,,,Parkinson disease;Pathways of neurodegeneration,
SERPINA12,,,,,,
SERPINA9,,,,,,
SERPINB7,,,,,,
SETD4,,,,,,
SFSWAP,,,,,,
SFXN2,,,,,,
SH3BGR,,,,Myogenesis,,
SH3BP5L,,,,,,
SH3TC2,,,,,,
SHBG,,,,,,
SHLD1,,,,,,
SHLD2,,,,,,
SHOX,,,,,,
SIAE,,,,,,
SIGIRR,,,,,,Cytokine Signaling In Immune System R-HSA-1280215;Immune System R-HSA-168256;Innate Immune System R-HSA-168249;Interleukin-1 Family Signaling R-HSA-446652;Interleukin-37 Signaling R-HSA-9008059;MyD88:MAL(TIRAP) Cascade Initiated On Plasma Membrane R-HSA-166058;Signaling By Interleukins R-HSA-449147;Toll Like Receptor 4 (TLR4) Cascade R-HSA-166016;Toll-like Receptor Cascades R-HSA-168898
SIGLEC11,,,,,,Adaptive Immune System R-HSA-1280218;Immune System R-HSA-168256;Immunoregulatory Interactions Between A Lymphoid And A non-Lymphoid Cell R-HSA-198933
SIGLEC7,,,,,,Adaptive Immune System R-HSA-1280218;Immune System R-HSA-168256;Immunoregulatory Interactions Between A Lymphoid And A non-Lymphoid Cell R-HSA-198933
SIGLEC9,,,,,Neutrophil extracellular trap formation,Adaptive Immune System R-HSA-1280218;Immune System R-HSA-168256;Immunoregulatory Interactions Between A Lymphoid And A non-Lymphoid Cell R-HSA-198933;Innate Immune System R-HSA-168249;Neutrophil Degranulation R-HSA-6798695
SIGMAR1,,,,UV Response Up,Amyotrophic lateral sclerosis;Pathways of neurodegeneration,Disease R-HSA-1643685;Infectious Disease R-HSA-5663205;Potential Therapeutics For SARS R-HSA-9679191;SARS-CoV Infections R-HSA-9679506
SIMC1,,,,,,
SIRT7,,,,,Nicotinate and nicotinamide metabolism,
SKA3,,,,,,
SLAMF8,,,,,,
SLC10A1,,,,,Bile secretion;Hepatitis B,Bile Acid And Bile Salt Metabolism R-HSA-194068;Metabolism R-HSA-1430728;Metabolism Of Lipids R-HSA-556833;Metabolism Of Steroids R-HSA-8957322;Recycling Of Bile Acids And Salts R-HSA-159418
SLC12A6,,,,,,Cation-coupled Chloride Cotransporters R-HSA-426117;Disease R-HSA-1643685;Disorders Of Transmembrane Transporters R-HSA-5619115;SLC Transporter Disorders R-HSA-5619102;SLC-mediated Transmembrane Transport R-HSA-425407;Transport Of Inorganic Cations/Anions And Amino Acids/Oligopeptides R-HSA-425393;Transport Of Small Molecules R-HSA-382551
SLC16A4,,,,,,
SLC22A9,,,,,,
SLC25A39,,,,,,
SLC25A40,,,,,,
SLC2A4RG,,,,,,
SLC35E1,,,,,,
SLC35G2,,,,,,
SLC38A7,,,,,,
SLC39A11,,,,,,
SLC39A9,,,,,,
SLC4A1AP,,,,,,
SLC5A2,,,,,,Cellular Hexose Transport R-HSA-189200;Disease R-HSA-1643685;Disorders Of Transmembrane Transporters R-HSA-5619115;SLC Transporter Disorders R-HSA-5619102;SLC-mediated Transmembrane Transport R-HSA-425407;Transport Of Small Molecules R-HSA-382551
SLC6A17,,,,,,
SLCO1B1,,,,,Bile secretion,"Atorvastatin ADME R-HSA-9754706;Bile Acid And Bile Salt Metabolism R-HSA-194068;Disease R-HSA-1643685;Disorders Of Transmembrane Transporters R-HSA-5619115;Drug ADME R-HSA-9748784;Heme Degradation R-HSA-189483;Metabolism R-HSA-1430728;Metabolism Of Lipids R-HSA-556833;Metabolism Of Porphyrins R-HSA-189445;Metabolism Of Steroids R-HSA-8957322;Recycling Of Bile Acids And Salts R-HSA-159418;SLC Transporter Disorders R-HSA-5619102;SLC-mediated Transmembrane Transport R-HSA-425407;Transport Of Organic Anions R-HSA-879518;Transport Of Small Molecules R-HSA-382551;Transport Of Vitamins, Nucleosides, And Related Molecules R-HSA-425397"
SLCO1B3,,,,,Bile secretion,"Atorvastatin ADME R-HSA-9754706;Bile Acid And Bile Salt Metabolism R-HSA-194068;Disease R-HSA-1643685;Disorders Of Transmembrane Transporters R-HSA-5619115;Drug ADME R-HSA-9748784;Heme Degradation R-HSA-189483;Metabolism R-HSA-1430728;Metabolism Of Lipids R-HSA-556833;Metabolism Of Porphyrins R-HSA-189445;Metabolism Of Steroids R-HSA-8957322;Recycling Of Bile Acids And Salts R-HSA-159418;SLC Transporter Disorders R-HSA-5619102;SLC-mediated Transmembrane Transport R-HSA-425407;Transport Of Organic Anions R-HSA-879518;Transport Of Small Molecules R-HSA-382551;Transport Of Vitamins, Nucleosides, And Related Molecules R-HSA-425397"
SLFN11,,,,,,
SLITRK1,,,,,,Neuronal System R-HSA-112316;Protein-protein Interactions At Synapses R-HSA-6794362;Receptor-type Tyrosine-Protein Phosphatases R-HSA-388844
SLITRK5,,,,,,"Neuronal System R-HSA-112316;Protein-protein Interactions At Synapses R-HSA-6794362;RAC2 GTPase Cycle R-HSA-9013404;RAC3 GTPase Cycle R-HSA-9013423;RHO GTPase Cycle R-HSA-9012999;Receptor-type Tyrosine-Protein Phosphatases R-HSA-388844;Signal Transduction R-HSA-162582;Signaling By Rho GTPases R-HSA-194315;Signaling By Rho GTPases, Miro GTPases And RHOBTB3 R-HSA-9716542"
SMARCA1,,,,,,
SMARCAD1,,,,,Signaling pathways regulating pluripotency of stem cells,
SMARCAL1,,,,,,
SMN1,,,,,RNA transport,Disease R-HSA-1643685;Infectious Disease R-HSA-5663205;Metabolism Of RNA R-HSA-8953854;Metabolism Of Non-Coding RNA R-HSA-194441;SARS-CoV Infections R-HSA-9679506;SARS-CoV-2 Infection R-HSA-9694516;SARS-CoV-2 Modulates Host Translation Machinery R-HSA-9754678;SARS-CoV-2-host Interactions R-HSA-9705683
SMN2,,,,,RNA transport,
SMO,,,,,Axon guidance;Basal cell carcinoma;Hedgehog signaling pathway;Pathways in cancer;Proteoglycans in cancer,
SMPDL3B,,,,,,
SNAP47,,,,,,
SND1,,,,,Viral carcinogenesis,Disease R-HSA-1643685;Diseases Of Signal Transduction By Growth Factor Receptors And Second Messengers R-HSA-5663202;Oncogenic MAPK Signaling R-HSA-6802957;Signaling By BRAF And RAF1 Fusions R-HSA-6802952
SNHG11,,,,,,
SNHG15,,,,,,
SNURF,,,,,,
SNX11,,,,,,
SNX15,,,,,,
SNX16,,,,,,
SNX17,,,,,,
SNX19,,,,,,
SNX27,,,,,,
SNX33,,,,,Salmonella infection,
SOHLH2,,,,,,
SORCS2,,,,,,
SOX1,,,,,,
SOX14,,,,,,
SOX30,,,,,,
SOX8,,,,,,
SP3,,,,,,Metabolism Of Proteins R-HSA-392499;Post-translational Protein Modification R-HSA-597592;SUMO E3 Ligases SUMOylate Target Proteins R-HSA-3108232;SUMOylation R-HSA-2990846;SUMOylation Of Transcription Factors R-HSA-3232118
SP9,,,,,,
SPAAR,,,,,,
SPAG1,,,,,,
SPAG8,,,,,,
SPANXB1,,,,,,
SPATA5,,,,,Ribosome biogenesis in eukaryotes,
SPATA5L1,,,,,,
SPATA7,,,,,,
SPATS2,,,,,,
SPDYA,,,,,Oocyte meiosis;Progesterone-mediated oocyte maturation,
SPECC1,,,,,,
SPICE1,,,,,,
SPIN1,,,,,,
SPIN2A,,,,,,
SPIN3,,,,,,
SPINK7,,,,,,
SPO11,,,,,,Cell Cycle R-HSA-1640170;Meiosis R-HSA-1500620;Meiotic Recombination R-HSA-912446;Reproduction R-HSA-1474165
SPPL2A,,,,Interferon Gamma Response,,Death Receptor Signaling R-HSA-73887;Major Pathway Of rRNA Processing In Nucleolus And Cytosol R-HSA-6791226;Metabolism Of RNA R-HSA-8953854;Regulation Of TNFR1 Signaling R-HSA-5357905;Signal Transduction R-HSA-162582;TNF Signaling R-HSA-75893;rRNA Modification In Nucleus And Cytosol R-HSA-6790901;rRNA Processing R-HSA-72312;rRNA Processing In Nucleus And Cytosol R-HSA-8868773
SPRYD7,,,,,,
SPZ1,,,,,,
SRA1,,,,,,
SRCIN1,,,,,,
SRD5A2,,,,,Prostate cancer;Steroid hormone biosynthesis,Androgen Biosynthesis R-HSA-193048;Metabolism R-HSA-1430728;Metabolism Of Lipids R-HSA-556833;Metabolism Of Steroid Hormones R-HSA-196071;Metabolism Of Steroids R-HSA-8957322
SRFBP1,,,,,,Downregulation Of TGF-beta Receptor Signaling R-HSA-2173788;Signal Transduction R-HSA-162582;Signaling By TGF-beta Receptor Complex R-HSA-170834;Signaling By TGFB Family Members R-HSA-9006936;TGF-beta Receptor Signaling Activates SMADs R-HSA-2173789
SRY,,,,,,Deactivation Of Beta-Catenin Transactivating Complex R-HSA-3769402;Developmental Biology R-HSA-1266738;Signal Transduction R-HSA-162582;Signaling By WNT R-HSA-195721;TCF Dependent Signaling In Response To WNT R-HSA-201681;Transcriptional Regulation Of Testis Differentiation R-HSA-9690406
SSBP3,,,,,,
SSX1,,,,,Transcriptional misregulation in cancer,
SSX2,,,,,Transcriptional misregulation in cancer,
SSX4,,,,,,
STAC3,,,,,,
STAU2,,,,,,
STH,,,,,,
STK16,,,,,,
STK32C,,,,,,
STK35,,,,,,
STK40,,,,,,
STOML1,,,,,,
STRIP1,,,,,,
STRN3,,,,,,
STRN4,,,,,,
STX11,,,,,SNARE interactions in vesicular transport,
STXBP4,,,,,,
STYK1,,,,,,
SUGCT,,,,,,
SUGP2,,,,,,
SUMO4,,,,,Fluid shear stress and atherosclerosis;RNA transport,
SURF6,,,,,,
SWT1,,,,,,
SYNGR3,,,,,,
SYNRG,,,,,,
SYT16,,,,,,
TAFA5,,,,,,
TAL2,,,,,,
TANGO2,,,,,,
TASOR,,,,,,
TASOR2,,,,,,
TBC1D22B,,,,,,
TBC1D30,,,,Estrogen Response Early,,
TBC1D8B,,,,,,Golgi Associated Vesicle Biogenesis R-HSA-432722;Membrane Trafficking R-HSA-199991;Vesicle-mediated Transport R-HSA-5653656;trans-Golgi Network Vesicle Budding R-HSA-199992
TBCK,,,,,,
TBL2,,,,,,
TBR1,,,,,,
TBX19,,,,,,
TBX4,,,,,,
TCEANC,,,,,,
TCEANC2,,,,,,
TCERG1L,,,,,,
TCF20,,,,,,
TCFL5,,,,,,
TDRD7,,,,Interferon Alpha Response;Interferon Gamma Response,,
TEC,,,,,Osteoclast differentiation;T cell receptor signaling pathway,"Cytokine Signaling In Immune System R-HSA-1280215;FCERI Mediated Ca+2 Mobilization R-HSA-2871809;Fc Epsilon Receptor (FCERI) Signaling R-HSA-2454202;Immune System R-HSA-168256;Innate Immune System R-HSA-168249;Interleukin-3, Interleukin-5 And GM-CSF Signaling R-HSA-512988;Signal Transduction R-HSA-162582;Signaling By Interleukins R-HSA-449147;Signaling By Receptor Tyrosine Kinases R-HSA-9006934;Signaling By SCF-KIT R-HSA-1433557"
TECPR1,,,,,Shigellosis,
TEDC1,,,,,,
TEFM,,,,,,
TEKT3,,,,,,
TEKT4,,,,,,
TENT5B,,,,,,
TERT,,,,,Gastric cancer;Hepatocellular carcinoma;Human T-cell leukemia virus 1 infection;Human papillomavirus infection;Pathways in cancer,Cell Cycle R-HSA-1640170;Chromosome Maintenance R-HSA-73886;Extension Of Telomeres R-HSA-180786;Formation Of beta-catenin:TCF Transactivating Complex R-HSA-201722;Signal Transduction R-HSA-162582;Signaling By WNT R-HSA-195721;TCF Dependent Signaling In Response To WNT R-HSA-201681;Telomere Extension By Telomerase R-HSA-171319;Telomere Maintenance R-HSA-157579
TESK2,,,,,,
TEX30,,,,,,
TEX35,,,,,,
TFE3,,,,,Mitophagy;Renal cell carcinoma;Transcriptional misregulation in cancer,
TFEB,,,,,Mitophagy,
TGM6,,,,,,
THAP11,,,,,,
THAP3,,,,,,
THEM6,,,,,,
THUMPD3,,,,,,
THYN1,,,,,,
TICRR,,,,,,
TIGD5,,,,,,
TIMM29,,,,,,
TLK2,,,,,,
TM6SF2,,,,,,
TM9SF4,,,,,,
TMA16,,,,,,
TMBIM4,,,,,,
TMEM106B,,,,,,
TMEM120B,,,,,,
TMEM126A,,,,,,
TMEM130,,,,,,
TMEM14C,,,,,,
TMEM173,,,,,,
TMEM185A,,,,,,
TMEM192,,,,,,
TMEM200A,,,,,,
TMEM201,,,,,,
TMEM209,,,,,,
TMEM237,,,,,,
TMEM33,,,,,,
TMEM39A,,,,,,
TMEM43,,,,,,
TMPRSS13,,,,,,
TMPRSS2,,,,Androgen Response,Coronavirus disease;Influenza A;Prostate cancer;Transcriptional misregulation in cancer,Attachment And Entry R-HSA-9678110;Disease R-HSA-1643685;Early SARS-CoV-2 Infection Events R-HSA-9772572;Infectious Disease R-HSA-5663205;SARS-CoV Infections R-HSA-9679506;SARS-CoV-1 Infection R-HSA-9678108;SARS-CoV-2 Infection R-HSA-9694516
TMTC3,,,,,,
TMTC4,,,,,,
TMUB2,,,,,,
TMX1,,,,Protein Secretion,,
TMX2,,,,,,
TNK2,,,,,,
TNKS,,,,,,Degradation Of AXIN R-HSA-4641257;Deubiquitination R-HSA-5688426;Disease R-HSA-1643685;Diseases Of Signal Transduction By Growth Factor Receptors And Second Messengers R-HSA-5663202;Intracellular Signaling By Second Messengers R-HSA-9006925;Metabolism Of Proteins R-HSA-392499;PIP3 Activates AKT Signaling R-HSA-1257604;PTEN Regulation R-HSA-6807070;Post-translational Protein Modification R-HSA-597592;Regulation Of PTEN Stability And Activity R-HSA-8948751;Signal Transduction R-HSA-162582;Signaling By WNT R-HSA-195721;Signaling By WNT In Cancer R-HSA-4791275;TCF Dependent Signaling In Response To WNT R-HSA-201681;Ub-specific Processing Proteases R-HSA-5689880
TNPO3,,,,,,
TNS2,,,,,,
TOMM34,,,,,,
TONSL,,,,,,
TOR1A,,,,,,Cargo Recognition For Clathrin-Mediated Endocytosis R-HSA-8856825;Clathrin-mediated Endocytosis R-HSA-8856828;Membrane Trafficking R-HSA-199991;Vesicle-mediated Transport R-HSA-5653656
TOX4,,,,,,Cytokine Signaling In Immune System R-HSA-1280215;Gene And Protein Expression By JAK-STAT Signaling After Interleukin-12 Stimulation R-HSA-8950505;Immune System R-HSA-168256;Interleukin-12 Family Signaling R-HSA-447115;Interleukin-12 Signaling R-HSA-9020591;Signaling By Interleukins R-HSA-449147
TPMT,,,,,Drug metabolism,Azathioprine ADME R-HSA-9748787;Biological Oxidations R-HSA-211859;Disease R-HSA-1643685;Diseases Of Metabolism R-HSA-5668914;Drug ADME R-HSA-9748784;Metabolic Disorders Of Biological Oxidation Enzymes R-HSA-5579029;Metabolism R-HSA-1430728;Methylation R-HSA-156581;Phase II - Conjugation Of Compounds R-HSA-156580
TPPP,,,,,,
TPTE,,,,,,Metabolism R-HSA-1430728;Metabolism Of Lipids R-HSA-556833;PI Metabolism R-HSA-1483255;Phospholipid Metabolism R-HSA-1483257;Synthesis Of PIPs At Golgi Membrane R-HSA-1660514
TREML2,,,,,,Adaptive Immune System R-HSA-1280218;Immune System R-HSA-168256;Immunoregulatory Interactions Between A Lymphoid And A non-Lymphoid Cell R-HSA-198933
TREX2,,,,,,
TRIM23,,,,,,
TRIM27,,,,,,Disease R-HSA-1643685;Infection With Mycobacterium Tuberculosis R-HSA-9635486;Infectious Disease R-HSA-5663205;Intracellular Signaling By Second Messengers R-HSA-9006925;Metabolism Of Proteins R-HSA-392499;PIP3 Activates AKT Signaling R-HSA-1257604;PTEN Regulation R-HSA-6807070;Post-translational Protein Modification R-HSA-597592;Regulation Of PTEN Stability And Activity R-HSA-8948751;Response Of Mtb To Phagocytosis R-HSA-9637690;SUMO E3 Ligases SUMOylate Target Proteins R-HSA-3108232;SUMOylation R-HSA-2990846;SUMOylation Of Ubiquitinylation Proteins R-HSA-3232142;Signal Transduction R-HSA-162582;Suppression Of Apoptosis R-HSA-9635465
TRIM47,,,,,,
TRIM55,,,,,,
TRIM65,,,,,,
TRIM66,,,,,,
TRIM67,,,,,,
TRMT1L,,,,,,
TRMT2A,,,,,,
TRUB1,,,,,,
TSBP1,,,,,,
TSNAXIP1,,,,,,
TSPAN10,,,,,,
TSPAN14,,,,,,Amyloid Fiber Formation R-HSA-977225;Immune System R-HSA-168256;Innate Immune System R-HSA-168249;Metabolism Of Proteins R-HSA-392499;Neutrophil Degranulation R-HSA-6798695
TSPAN3,,,,,,
TSPAN31,,,,,,
TSPAN9,,,,,,
TSPYL5,,,,,,
TSSC4,,,,,,
TSSK1B,,,,,,
TSSK3,,,,,,
TTC12,,,,,,
TTC23,,,,,,
TTC23L,,,,,,
TTC4,,,,,,
TTC9C,,,,,,
TTPA,,,,Xenobiotic Metabolism,,Metabolism R-HSA-1430728;Metabolism Of Fat-Soluble Vitamins R-HSA-6806667;Metabolism Of Vitamins And Cofactors R-HSA-196854
TUSC2,,,,,,
TXNDC16,,,,,,
TXNDC9,,,,,,
UBAP2,,,,,,
UBAP2L,,,,,,
UBASH3A,,,,,,
UBASH3B,,,,,,
UBR3,,,,,,
UBR5,,,,,Ubiquitin mediated proteolysis,
UEVLD,,,,,,
UFC1,,,,,,
UGT1A1,,,,,Ascorbate and aldarate metabolism;Bile secretion;Chemical carcinogenesis;Drug metabolism;Metabolism of xenobiotics by cytochrome P450;Pentose and glucuronate interconversions;Porphyrin and chlorophyll metabolism;Retinol metabolism;Steroid hormone biosynthesis,Aspirin ADME R-HSA-9749641;Biological Oxidations R-HSA-211859;Disease R-HSA-1643685;Diseases Of Metabolism R-HSA-5668914;Drug ADME R-HSA-9748784;Glucuronidation R-HSA-156588;Heme Degradation R-HSA-189483;Metabolic Disorders Of Biological Oxidation Enzymes R-HSA-5579029;Metabolism R-HSA-1430728;Metabolism Of Porphyrins R-HSA-189445;Paracetamol ADME R-HSA-9753281;Phase II - Conjugation Of Compounds R-HSA-156580
UGT1A4,,,,,Ascorbate and aldarate metabolism;Bile secretion;Chemical carcinogenesis;Drug metabolism;Metabolism of xenobiotics by cytochrome P450;Pentose and glucuronate interconversions;Porphyrin and chlorophyll metabolism;Retinol metabolism;Steroid hormone biosynthesis,Aspirin ADME R-HSA-9749641;Biological Oxidations R-HSA-211859;Disease R-HSA-1643685;Diseases Of Metabolism R-HSA-5668914;Drug ADME R-HSA-9748784;Glucuronidation R-HSA-156588;Heme Degradation R-HSA-189483;Metabolic Disorders Of Biological Oxidation Enzymes R-HSA-5579029;Metabolism R-HSA-1430728;Metabolism Of Porphyrins R-HSA-189445;Phase II - Conjugation Of Compounds R-HSA-156580
UGT1A9,,,,,Ascorbate and aldarate metabolism;Bile secretion;Chemical carcinogenesis;Drug metabolism;Metabolism of xenobiotics by cytochrome P450;Pentose and glucuronate interconversions;Porphyrin and chlorophyll metabolism;Retinol metabolism;Steroid hormone biosynthesis,Aspirin ADME R-HSA-9749641;Biological Oxidations R-HSA-211859;Drug ADME R-HSA-9748784;Glucuronidation R-HSA-156588;Metabolism R-HSA-1430728;Metabolism Of Lipids R-HSA-556833;PPARA Activates Gene Expression R-HSA-1989781;Paracetamol ADME R-HSA-9753281;Phase II - Conjugation Of Compounds R-HSA-156580;Regulation Of Lipid Metabolism By PPARalpha R-HSA-400206
UNC119,,,,Estrogen Response Early,,
UNC45A,,,,,,
UPK1A,,,,,,
UPK2,,,,,,
UQCC1,,,,,,
UQCC3,,,,,,
URB1,,,,,,
URGCP,,,,,,
USF1,,,,,,ESR-mediated Signaling R-HSA-8939211;Estrogen-dependent Gene Expression R-HSA-9018519;Signal Transduction R-HSA-162582;Signaling By Nuclear Receptors R-HSA-9006931
USP10,,,,,,
USP27X,,,,,,
USP29,,,,,,
USP32,,,,,,DNA Damage Bypass R-HSA-73893;DNA Repair R-HSA-73894;Deubiquitination R-HSA-5688426;Metabolism Of Proteins R-HSA-392499;Post-translational Protein Modification R-HSA-597592;Termination Of Translesion DNA Synthesis R-HSA-5656169;Translesion Synthesis By Y Family DNA Polymerases Bypasses Lesions On DNA Template R-HSA-110313;Ub-specific Processing Proteases R-HSA-5689880
USP36,,,,,,
USP38,,,,,,
USP5,,,,,,Deubiquitination R-HSA-5688426;Metabolism Of Proteins R-HSA-392499;Post-translational Protein Modification R-HSA-597592;Protein Ubiquitination R-HSA-8852135;Synthesis Of Active Ubiquitin: Roles Of E1 And E2 Enzymes R-HSA-8866652;Ub-specific Processing Proteases R-HSA-5689880
USP6,,,,,,
UTP23,,,,,,
VAX1,,,,,,
VPS13A,,,,,,
VPS13B,,,,,,
VSNL1,,,,,,
VSTM2B,,,,,,
VWA8,,,,,,
WARS,,,,,,
WBP2,,,,,,
WDFY3,,,,,,
WDHD1,,,,,,
WDR12,,,,,,Major Pathway Of rRNA Processing In Nucleolus And Cytosol R-HSA-6791226;Metabolism Of RNA R-HSA-8953854;rRNA Processing R-HSA-72312;rRNA Processing In Nucleus And Cytosol R-HSA-8868773
WDR26,,,,,,
WDR37,,,,UV Response Dn,,
WDR55,,,,,,
WDR81,,,,,,"CDC42 GTPase Cycle R-HSA-9013148;RHO GTPase Cycle R-HSA-9012999;Signal Transduction R-HSA-162582;Signaling By Rho GTPases R-HSA-194315;Signaling By Rho GTPases, Miro GTPases And RHOBTB3 R-HSA-9716542"
WWP2,,,,,Ubiquitin mediated proteolysis,"Intracellular Signaling By Second Messengers R-HSA-9006925;NOTCH3 Activation And Transmission Of Signal To Nucleus R-HSA-9013507;PIP3 Activates AKT Signaling R-HSA-1257604;PTEN Regulation R-HSA-6807070;RHO GTPase Cycle R-HSA-9012999;RHOJ GTPase Cycle R-HSA-9013409;RHOQ GTPase Cycle R-HSA-9013406;RHOU GTPase Cycle R-HSA-9013420;Regulation Of PTEN Stability And Activity R-HSA-8948751;Signal Transduction R-HSA-162582;Signaling By NOTCH R-HSA-157118;Signaling By NOTCH3 R-HSA-9012852;Signaling By Rho GTPases R-HSA-194315;Signaling By Rho GTPases, Miro GTPases And RHOBTB3 R-HSA-9716542"
XIRP1,,,,,,
XPNPEP3,,,,,,
XPR1,,,,,,
YIPF1,,,,,,
YIPF5,,,,,,
YJEFN3,,,,,,
YLPM1,,,,,,
YTHDC2,,,,,,
YTHDF1,,,,,,
YTHDF3,,,,,,
YY1AP1,,,,,,
ZAN,,,,,,
ZBED9,,,,,,
ZBTB1,,,,,,
ZBTB21,,,,,,
ZBTB25,,,,,,
ZBTB3,,,,,,
ZBTB33,,,,,,
ZBTB4,,,,,,
ZBTB40,,,,,,
ZBTB48,,,,,,
ZBTB49,,,,,,
ZC2HC1A,,,,,,
ZC3H18,,,,,,
ZC3H7A,,,,,,
ZC3HAV1L,,,,,,
ZC4H2,,,,,,
ZCCHC10,,,,,,
ZCCHC17,,,,,,
ZCCHC3,,,,,,
ZCCHC8,,,,,,
ZDHHC17,,,,,,
ZDHHC22,,,,,,
ZER1,,,,,,
ZFP57,,,,,Herpes simplex virus 1 infection,
ZFPL1,,,,,,
ZFX,,,,,,
ZFYVE1,,,,,Autophagy;Pathways of neurodegeneration,
ZFYVE21,,,,,,
ZFYVE26,,,,,,
ZGRF1,,,,,,
ZIC4,,,,,,
ZMIZ2,,,,,,
ZMPSTE24,,,,,Terpenoid backbone biosynthesis,
ZMYM1,,,,,,
ZMYM3,,,,,,
ZMYND19,,,,,,
ZNF106,,,,,,
ZNF142,,,,,,
ZNF165,,,,,,
ZNF177,,,,,Herpes simplex virus 1 infection,
ZNF232,,,,,,
ZNF280C,,,,,,
ZNF281,,,,,,
ZNF326,,,,,,
ZNF341,,,,,,
ZNF346,,,,,,
ZNF395,,,,,,
ZNF408,,,,,,
ZNF410,,,,,,
ZNF449,,,,,,
ZNF451,,,,,,
ZNF469,,,,,,
ZNF512,,,,,,
ZNF592,,,,,,
ZNF687,,,,,,
ZNF76,,,,,,
ZNF768,,,,,Herpes simplex virus 1 infection,
ZNF8,,,,,Herpes simplex virus 1 infection,
ZNF827,,,,,,
ZNF829,,,,,Herpes simplex virus 1 infection,
ZPR1,,,,,,
ZSCAN1,,,,,,
ZSCAN12,,,,,,
ZSCAN16,,,,,,
ZSCAN20,,,,,,
ZSCAN26,,,,,,
ZSWIM6,,,,,,
ZUP1,,,,,,
ZYG11B,,,,,,
