gene,category,rationale,single_gene_panel_note,exclude_recommended,detection_pct_0041323,detection_pct_0041326,n_cells_0041323,n_cells_0041326,log2_detection_ratio_326_over_323,gene_id,full_name,location,cell_type,cellchat_pathway
ABAT,,,,no,11.983,12.785,137237,149384,0.093,ENSG00000183044,"4-aminobutyrate aminotransferase, mitochondrial",Mitochondrion matrix,,
ACVR1B,,,,no,9.007,10.08,103155,117777,0.162,ENSG00000135503,Activin receptor type-1B,Cell membrane,,TGFb;GDF;MSTN;NODAL;ACTIVIN
ADA,,,,no,1.192,1.529,13652,17862,0.359,ENSG00000196839,Adenosine deaminase,Cell membrane,"bone marrow cell;granulocyte monocyte progenitor cell;immature alpha-beta T cell;double-positive, alpha-beta thymocyte;immature T cell;thymocyte;double negative thymocyte;late pro-B cell;common dendritic progenitor;macrophage dendritic cell progenitor;hematopoietic precursor cell;hematopoietic multipotent progenitor cell;early lymphoid progenitor;lymphoid lineage restricted progenitor cell;pro-B cell;fraction A pre-pro B cell;pro-T cell;early T lineage precursor;common lymphoid progenitor",
ADGRB1,,,,no,0.206,0.518,2358,6054,1.331,ENSG00000181790,Adhesion G protein-coupled receptor B1 (Brain-specific angiogenesis inhibitor 1),Cell membrane,,ADGRB
AGO1,,,,no,4.66,4.546,53366,53121,-0.036,ENSG00000092847,Protein argonaute-1 (Argonaute1) (hAgo1) (Argonaute RISC catalytic component 1) (Eukaryotic translation initiation factor 2C 1) (eIF-2C 1) (eIF2C 1) (Putative RNA-binding protein Q99),Cytoplasm,,
AKT1,,,,no,21.471,16.765,245908,195890,-0.357,ENSG00000142208,RAC-alpha serine/threonine-protein kinase,Cytoplasm,,
AKT2,,,,no,14.34,16.101,164236,188133,0.167,ENSG00000105221,RAC-beta serine/threonine-protein kinase,Cytoplasm;Nucleus;Cell membrane,,
AKT3,,,,no,6.099,7.575,69847,88506,0.313,ENSG00000117020,RAC-gamma serine/threonine-protein kinase,Nucleus,,
ANAPC1,,,,no,6.197,7.201,70976,84141,0.217,ENSG00000153107,Anaphase-promoting complex subunit 1 (APC1) (Cyclosome subunit 1) (Mitotic checkpoint regulator) (Testis-specific gene 24 protein),,,
APAF1,,,,no,2.69,3.132,30809,36599,0.22,ENSG00000120868,Apoptotic protease-activating factor 1 (APAF-1),Cytoplasm,,
APP,,,,no,50.114,50.835,573949,593997,0.021,ENSG00000142192,Amyloid-beta precursor protein (APP) (ABPP) (APPI) (Alzheimer disease amyloid A4 protein homolog) (Alzheimer disease amyloid protein) (Amyloid precursor protein) (Amyloid-beta (A4) precursor protein) (Amyloid-beta A4 protein) (Cerebral vascular amyloid peptide) (CVAP) (PreA4) (Protease nexin-II) (PN-II),Cell membrane,epithelial cell;lens epithelial cell;anterior lens cell;endothelial tip cell;kidney capillary endothelial cell;glomerular capillary endothelial cell;lung endothelial cell;type B pancreatic cell;fenestrated cell;glomerular endothelial cell;endothelial cell;endothelial cell of vascular tree;kidney loop of Henle thin ascending limb epithelial cell;surface ectodermal cell,APP
ATF3,,,,no,5.902,2.359,67595,27560,-1.323,ENSG00000162772,Cyclic AMP-dependent transcription factor ATF-3 (cAMP-dependent transcription factor ATF-3) (Activating transcription factor 3),Nucleus,ileal goblet cell;paneth cell of epithelium of small intestine;duodenum glandular cell;epithelial cell of uterus;vascular associated smooth muscle cell,
ATM,,,,no,9.108,10.276,104310,120077,0.174,ENSG00000149311,Serine-protein kinase ATM,Nucleus,"central nervous system macrophage;mononuclear cell;lymphocyte;T cell;alpha-beta T cell;mature alpha-beta T cell;CD8-positive, alpha-beta cytokine secreting effector T cell;mucosal invariant T cell;mature T cell",
ATR,,,,no,3.923,3.607,44927,42144,-0.121,ENSG00000175054,Serine/threonine-protein kinase ATR,Nucleus,,
AURKA,,,,no,0.499,0.361,5715,4224,-0.465,ENSG00000087586,Aurora kinase A,Cytoplasm,,
AURKB,,,,no,0.305,0.272,3488,3183,-0.161,ENSG00000178999,Aurora kinase B,Nucleus,precursor B cell;large pre-B-II cell;lymphoid lineage restricted progenitor cell;pro-B cell;fraction A pre-pro B cell,
BAIAP2,,,,no,0.783,1.127,8963,13167,0.526,ENSG00000175866,Brain-specific angiogenesis inhibitor 1-associated protein 2 (BAI-associated protein 2) (BAI1-associated protein 2) (Protein BAP2) (Fas ligand-associated factor 3) (FLAF3) (Insulin receptor substrate p53/p58) (IRS-58) (IRSp53/58) (Insulin receptor substrate protein of 53 kDa) (IRSp53) (Insulin receptor substrate p53),Cytoplasm;Membrane,epithelial cell of lung;epithelial cell of alveolus of lung;pneumocyte;type I pneumocyte;type II pneumocyte,
BAK1,,,,no,3.058,2.46,35028,28744,-0.314,ENSG00000030110,Bcl-2 homologous antagonist/killer (Apoptosis regulator BAK) (Bcl-2-like protein 7) (Bcl2-L-7),Mitochondrion outer membrane,,
BARD1,,,,no,1.286,0.969,14726,11317,-0.409,ENSG00000138376,BRCA1-associated RING domain protein 1 (BARD-1),Nucleus,,
BAX,,,,no,1.317,1.334,15080,15593,0.019,ENSG00000087088,Apoptosis regulator BAX (Bcl-2-like protein 4) (Bcl2-L-4),Cytoplasm,,
BBC3,,,,no,1.991,2.122,22808,24790,0.091,ENSG00000105327,"Bcl-2-binding component 3, isoforms 3/4 (JFY-1) (p53 up-regulated modulator of apoptosis)",,duct epithelial cell;luminal epithelial cell of mammary gland;epithelial cell of uterus;mammary gland epithelial cell,
BCL2,,,,no,1.295,1.556,14831,18181,0.265,ENSG00000171791,Apoptosis regulator Bcl-2,Mitochondrion outer membrane,parietal epithelial cell;kidney loop of Henle thin descending limb epithelial cell;melanocyte;Schwann cell;fat cell;subcutaneous fat cell;adipocyte of breast;epicardial adipocyte;adipocyte of epicardial fat of left ventricle,
BCL2L1,,,,no,18.876,18.984,216190,221821,0.008,ENSG00000171552,Bcl-2-like protein 1 (Bcl2-L-1) (Apoptosis regulator Bcl-X),Mitochondrion inner membrane,erythrocyte;enucleate erythrocyte;reticulocyte;enucleated reticulocyte,
BID,,,,no,1.289,0.952,14758,11120,-0.437,ENSG00000015475,BH3-interacting domain death agonist (p22 BID) (BID),Cytoplasm,"CD141-positive myeloid dendritic cell;myeloid dendritic cell, human;non-classical monocyte;pre-conventional dendritic cell",
BLM,,,,no,0.098,0.066,1120,776,-0.558,ENSG00000197299,RecQ-like DNA helicase BLM,Nucleus,,
BMP2,,,,no,6.312,3.984,72291,46556,-0.664,ENSG00000125845,Bone morphogenetic protein 2 (BMP-2) (Bone morphogenetic protein 2A) (BMP-2A),Secreted,endothelial cell of lymphatic vessel,BMP
BRCA1,,,,no,0.771,0.492,8835,5745,-0.65,ENSG00000012048,Breast cancer type 1 susceptibility protein,Nucleus,,
BRIP1,,,,no,0.424,0.311,4855,3630,-0.448,ENSG00000136492,Fanconi anemia group J protein (Protein FACJ),Nucleus,,
BTRC,,,,no,3.713,4.676,42527,54637,0.333,ENSG00000166167,F-box/WD repeat-containing protein 1A (E3RSIkappaB) (Epididymis tissue protein Li 2a) (F-box and WD repeats protein beta-TrCP) (pIkappaBalpha-E3 receptor subunit),Cytoplasm,,
CACNA1D,,,,no,1.15,0.96,13170,11215,-0.261,ENSG00000157388,"Voltage-dependent L-type calcium channel subunit alpha-1D (Calcium channel, L type, alpha-1 polypeptide, isoform 2) (Voltage-gated calcium channel subunit alpha Cav1.3)",Membrane,non-pigmented ciliary epithelial cell;corneal epithelial cell;kidney distal convoluted tubule epithelial cell;retinal pigment epithelial cell;amacrine cell;alveolar type 2 fibroblast cell,
CALM3,,,,no,16.504,14.013,189023,163741,-0.236,ENSG00000160014,Calmodulin-3,Cytoplasm,pancreatic A cell;Hofbauer cell;platelet;T-helper 17 cell;large pre-B-II cell;myeloid cell;megakaryocyte-erythroid progenitor cell;megakaryocyte,
CALML3,,,,no,0.033,,378,0,,ENSG00000178363,Calmodulin-like protein 3 (CaM-like protein) (CLP) (Calmodulin-related protein NB-1),,stem cell;basal cell;respiratory basal cell;basal cell of epithelium of trachea;epithelial cell of stratum germinativum of esophagus;epithelial cell;keratinocyte;stratified epithelial cell;pulmonary ionocyte;epithelial cell of thymus;cortical thymic epithelial cell;medullary thymic epithelial cell;epidermal cell;ionocyte;conjunctival epithelial cell,
CAPN1,,,,no,5.531,5.052,63351,59034,-0.131,ENSG00000014216,Calpain-1 catalytic subunit,Cytoplasm,club cell,
CASP1,,,,no,1.174,2.209,13447,25806,0.912,ENSG00000137752,Caspase-1 (CASP-1),Cytoplasm,"classical monocyte;CD14-positive, CD16-negative classical monocyte;hematopoietic cell;leukocyte;professional antigen presenting cell;dendritic cell;conventional dendritic cell;myeloid dendritic cell;CD1c-positive myeloid dendritic cell;dendritic cell, human;myeloid leukocyte;monocyte;non-classical monocyte;CD14-low, CD16-positive monocyte;CD14-positive monocyte;CD14-positive, CD16-positive monocyte;peripheral blood mononuclear cell;myeloid cell;transit amplifying cell of small intestine",
CASP3,,,,no,4.989,4.109,57135,48018,-0.28,ENSG00000164305,Caspase-3 (CASP-3),Cytoplasm,"erythroid progenitor cell;erythroid progenitor cell, mammalian",
CASP8,,,,no,2.154,2.786,24664,32555,0.372,ENSG00000064012,Caspase-8 (CASP-8),Cytoplasm,"memory regulatory T cell;CD8-positive, alpha-beta cytokine secreting effector T cell",
CASP9,,,,no,1.897,2.254,21722,26333,0.249,ENSG00000132906,Caspase-9 (CASP-9),,,
CCNA1,,,,no,0.031,0.009,357,109,-1.741,ENSG00000133101,Cyclin-A1,Nucleus,,
CCNA2,,,,no,0.328,0.284,3756,3318,-0.208,ENSG00000145386,Cyclin-A2 (Cyclin-A) (Cyclin A),Nucleus,"immature alpha-beta T cell;double-positive, alpha-beta thymocyte;fraction A pre-pro B cell",
CCNB1,,,,no,0.945,0.918,10827,10722,-0.043,ENSG00000134057,G2/mitotic-specific cyclin-B1,Cytoplasm;Nucleus;Cytoplasm,enucleated reticulocyte,
CCNB2,,,,no,0.177,0.116,2027,1350,-0.615,ENSG00000157456,G2/mitotic-specific cyclin-B2,,"double-positive, alpha-beta thymocyte;DN4 thymocyte",
CCNB3,,,,no,0.161,0.147,1843,1718,-0.13,ENSG00000147082,G2/mitotic-specific cyclin-B3,Nucleus,,
CCND1,,,,no,9.831,5.998,112592,70080,-0.713,ENSG00000110092,G1/S-specific cyclin-D1 (B-cell lymphoma 1 protein) (BCL-1) (BCL-1 oncogene) (PRAD1 oncogene),Nucleus,glioblast;Schwann cell precursor;epithelial cell;type I pneumocyte;epithelial cell of uterus;epithelial cell of thymus;cortical thymic epithelial cell,
CCND2,,,,no,17.11,16.337,195956,190890,-0.067,ENSG00000118971,G1/S-specific cyclin-D2,Nucleus,"intestinal crypt stem cell of small intestine;IgG plasmablast;IgA plasmablast;activated CD4-positive, alpha-beta T cell;CD34-positive, CD56-positive, CD117-positive common innate lymphoid precursor, human;neural progenitor cell",
CCND3,,,,no,2.449,1.864,28049,21786,-0.393,ENSG00000112576,G1/S-specific cyclin-D3,Nucleus,"platelet;double-positive, alpha-beta thymocyte;precursor B cell;large pre-B-II cell;late pro-B cell;immature natural killer cell;CD16-positive, CD56-dim natural killer cell, human;megakaryocyte;lymphoid lineage restricted progenitor cell;pro-B cell;fraction A pre-pro B cell",
CCNE1,,,,no,0.241,0.336,2755,3925,0.482,ENSG00000105173,G1/S-specific cyclin-E1,Nucleus,extravillous trophoblast;erythroblast,
CD82,,,,no,5.534,6.383,63382,74579,0.206,ENSG00000085117,CD82 antigen (C33 antigen) (IA4) (Inducible membrane protein R2) (Metastasis suppressor Kangai-1) (Suppressor of tumorigenicity 6 protein) (Tetraspanin-27) (Tspan-27) (CD antigen CD82),Cell membrane,"hematopoietic stem cell;CD34-positive, CD38-negative hematopoietic stem cell;follicular dendritic cell;eosinophil;erythroid progenitor cell, mammalian;basophil mast progenitor cell;pro-T cell;early T lineage precursor",
CDC25A,,,,no,0.369,0.252,4223,2946,-0.548,ENSG00000164045,M-phase inducer phosphatase 1,,,
CDC27,,,,no,6.788,5.894,77740,68868,-0.204,ENSG00000004897,Cell division cycle protein 27 homolog (Anaphase-promoting complex subunit 3) (APC3) (CDC27 homolog) (CDC27Hs) (H-NUC),Nucleus,enucleate erythrocyte;erythroblast,
CDH13,,,,no,0.128,0.104,1467,1217,-0.298,ENSG00000140945,Cadherin-13 (Heart cadherin) (H-cadherin) (P105) (Truncated cadherin) (T-cad) (T-cadherin),Cell membrane,basal cell of epidermis;stem cell of epidermis;basal epithelial cell of prostatic duct;lens epithelial cell;anterior lens cell;lens fiber cell;secondary lens fiber;muscle cell;cardiac muscle cell;regular atrial cardiac myocyte;regular ventricular cardiac myocyte;muscle precursor cell;cardiac muscle myoblast,
CDK1,,,,no,0.48,0.229,5502,2671,-1.071,ENSG00000170312,Cyclin-dependent kinase 1 (CDK1),Nucleus,"double-positive, alpha-beta thymocyte;precursor B cell;large pre-B-II cell;erythroid lineage cell;pro-B cell;fraction A pre-pro B cell",
CDK2,,,,no,2.645,2.406,30290,28108,-0.137,ENSG00000123374,Cyclin-dependent kinase 2,Cytoplasm,,
CDK4,,,,no,7.883,8.209,90289,95916,0.058,ENSG00000135446,Cyclin-dependent kinase 4,Cytoplasm,glioblast;Schwann cell precursor;macrophage dendritic cell progenitor,
CDK5,,,,no,1.22,1.269,13967,14830,0.058,ENSG00000164885,Cyclin-dependent kinase 5,Nucleus,,
CDK6,,,,no,4.843,5.728,55469,66927,0.242,ENSG00000105810,Cyclin-dependent kinase 6,Cytoplasm;Nucleus;Cell projection,"hematopoietic stem cell;CD34-positive, CD38-negative hematopoietic stem cell;megakaryocyte-erythroid progenitor cell;erythroid progenitor cell;erythroid progenitor cell, mammalian;hematopoietic precursor cell;hematopoietic multipotent progenitor cell;early lymphoid progenitor;lymphoid lineage restricted progenitor cell;pro-T cell;early T lineage precursor;common lymphoid progenitor",
CDKN1A,,,,no,15.485,12.015,177354,140389,-0.366,ENSG00000124762,Cyclin-dependent kinase inhibitor 1 (CDK-interacting protein 1) (Melanoma differentiation-associated protein 6) (MDA-6) (p21),Cytoplasm,skeletal muscle satellite stem cell;epithelial cell of lacrimal sac;prostate gland microvascular endothelial cell;medullary thymic epithelial cell;vascular associated smooth muscle cell;myometrial cell;skeletal muscle satellite cell;mature conventional dendritic cell;tendon cell,
CDKN1B,,,,no,8.969,11.332,102727,132413,0.337,ENSG00000111276,Cyclin-dependent kinase inhibitor 1B (Cyclin-dependent kinase inhibitor p27) (p27Kip1),Nucleus;Cytoplasm;Endosome,"CD4-positive, CD25-positive, alpha-beta regulatory T cell;naive regulatory T cell;memory regulatory T cell;effector CD4-positive, alpha-beta T cell;DN3 thymocyte",
CDKN2A,,,,no,0.184,0.103,2112,1198,-0.847,ENSG00000147889,Cyclin-dependent kinase inhibitor 2A (Cyclin-dependent kinase 4 inhibitor A) (CDK4I) (Multiple tumor suppressor 1) (MTS-1) (p16-INK4a) (p16-INK4) (p16INK4A),Cytoplasm,glandular epithelial cell;fallopian tube secretory epithelial cell,
CDKN2AIP,,,,no,2.671,2.47,30591,28856,-0.113,ENSG00000168564,CDKN2A-interacting protein (Collaborator of ARF),Nucleus,,
CDKN2B,,,,no,2.141,1.115,24525,13030,-0.941,ENSG00000147883,Cyclin-dependent kinase 4 inhibitor B (Multiple tumor suppressor 2) (MTS-2) (p14-INK4b) (p15-INK4b) (p15INK4B),Cytoplasm,intestinal crypt stem cell of large intestine,
CEBPA,,,,no,3.041,3.474,34830,40589,0.192,ENSG00000245848,CCAAT/enhancer-binding protein alpha (C/EBP alpha),Nucleus,intestinal crypt stem cell of large intestine,
CGRRF1,,,,no,2.805,2.492,32125,29122,-0.17,ENSG00000100532,Cell growth regulator with RING finger domain protein 1 (Cell growth regulatory gene 19 protein) (RING finger protein 197),Nucleus,,
CHD3,,,,no,18.251,18.189,209023,212530,-0.005,ENSG00000170004,Chromodomain-helicase-DNA-binding protein 3 (CHD-3),Nucleus,,
CHEK1,,,,no,0.797,0.677,9125,7905,-0.236,ENSG00000149554,Serine/threonine-protein kinase Chk1,Nucleus,,
CHEK2,,,,no,1.089,1.156,12477,13506,0.085,ENSG00000183765,Serine/threonine-protein kinase Chk2,Nucleus,,
COQ8A,,,,no,12.977,17.428,148627,203643,0.425,ENSG00000163050,"Atypical kinase COQ8A, mitochondrial",Mitochondrion,slow muscle cell,
CSNK2A2,,,,no,13.538,15.372,155050,179613,0.183,ENSG00000070770,Casein kinase II subunit alpha' (CK II alpha'),Nucleus,,
CSNK2B,,,,no,23.744,24.972,271940,291789,0.073,ENSG00000204435,Casein kinase II subunit beta (CK II beta) (Phosvitin) (Protein G5a),Nucleus,"erythroid progenitor cell, mammalian",
CYCS,,,,no,10.654,5.669,122015,66245,-0.91,ENSG00000172115,Cytochrome c,Mitochondrion intermembrane space,epithelial cell of urethra;osteoclast;fibroblast of connective tissue of nonglandular part of prostate,
CYFIP2,,,,no,1.784,1.8,20436,21034,0.013,ENSG00000055163,Cytoplasmic FMR1-interacting protein 2 (p53-inducible protein 121),Cytoplasm,kidney collecting duct principal cell;renal principal cell;epithelial cell of alveolus of lung;pneumocyte;type II pneumocyte;kidney loop of Henle ascending limb epithelial cell;kidney loop of Henle thick ascending limb epithelial cell;kidney loop of Henle epithelial cell;lung secretory cell,
DAXX,,,,no,4.933,4.124,56500,48183,-0.259,ENSG00000204209,Death domain-associated protein 6 (Daxx) (hDaxx) (ETS1-associated protein 1) (EAP1) (Fas death domain-associated protein),Cytoplasm,,
DDB2,,,,no,2.322,3.553,26595,41514,0.614,ENSG00000134574,DNA damage-binding protein 2 (DDB p48 subunit) (DDBb) (Damage-specific DNA-binding protein 2) (UV-damaged DNA-binding protein 2) (UV-DDB 2),Nucleus,,
DDIT3,,,,no,0.975,1.594,11171,18628,0.709,ENSG00000175197,DNA damage-inducible transcript 3 protein (DDIT-3) (C/EBP zeta) (C/EBP-homologous protein) (CHOP) (C/EBP-homologous protein 10) (CHOP-10) (CCAAT/enhancer-binding protein homologous protein) (Growth arrest and DNA damage-inducible protein GADD153),Cytoplasm,epithelial cell of uterus;B cell;Mueller cell,
DRAM1,,,,no,3.346,1.734,38323,20262,-0.948,ENSG00000136048,DNA damage-regulated autophagy modulator protein 1 (Damage-regulated autophagy modulator),Lysosome membrane,epithelial cell of lung;epithelial cell of alveolus of lung;pneumocyte;type II pneumocyte;lung secretory cell,
E2F1,,,,no,0.466,0.294,5341,3440,-0.664,ENSG00000101412,Transcription factor E2F1 (E2F-1) (PBR3) (Retinoblastoma-associated protein 1) (RBAP-1) (Retinoblastoma-binding protein 3) (RBBP-3) (pRB-binding protein E2F-1),Nucleus,,
E2F3,,,,no,1.512,1.104,17319,12901,-0.454,ENSG00000112242,Transcription factor E2F3 (E2F-3),Nucleus,,
E2F4,,,,no,3.787,3.274,43374,38259,-0.21,ENSG00000205250,Transcription factor E2F4 (E2F-4),Nucleus,erythroblast,
EED,,,,no,3.084,3.372,35316,39405,0.129,ENSG00000074266,Polycomb protein EED (hEED) (Embryonic ectoderm development protein) (WD protein associating with integrin cytoplasmic tails 1) (WAIT-1),Nucleus;Chromosome,"activated CD4-positive, alpha-beta T cell;activated CD8-positive, alpha-beta T cell",
EHMT1,,,,no,3.094,3.208,35440,37484,0.052,ENSG00000181090,Histone-lysine N-methyltransferase EHMT1,Nucleus;Chromosome,,
EHMT2,,,,no,4.097,5.806,46922,67842,0.503,ENSG00000204371,Histone-lysine N-methyltransferase EHMT2,Nucleus,,
EIF4EBP1,,,,no,32.9,30.067,376798,351319,-0.13,ENSG00000187840,Eukaryotic translation initiation factor 4E-binding protein 1 (4E-BP1) (eIF4E-binding protein 1) (Phosphorylated heat- and acid-stable protein regulated by insulin 1) (PHAS-I),,endothelial cell of umbilical vein;osteoclast,
EP300,,,,no,13.387,15.102,153325,176464,0.174,ENSG00000100393,Histone acetyltransferase p300 (p300 HAT),Cytoplasm,enucleate erythrocyte,
EPHA2,,,,no,3.87,3.692,44319,43141,-0.068,ENSG00000142627,Ephrin type-A receptor 2,Cell membrane,basal cell of epithelium of bronchus;paneth cell of epithelium of small intestine;urothelial cell;bladder urothelial cell;club cell;basal epithelial cell of tracheobronchial tree;conjunctival epithelial cell;bladder cell,EPHA
EPHX1,,,,no,19.551,23.996,223921,280392,0.296,ENSG00000143819,Epoxide hydrolase 1,Microsome membrane,respiratory basal cell;basal cell of epithelium of trachea;respiratory goblet cell;tracheal goblet cell;granulosa cell;Leydig cell;keratocyte;bronchus fibroblast of lung,
ERCC5,,,,no,4.506,5.207,51608,60846,0.209,ENSG00000134899,DNA excision repair protein ERCC-5,Nucleus,,
ETS1,,,,no,1.926,1.752,22061,20472,-0.137,ENSG00000134954,Protein C-ets-1 (p54),Nucleus,"prostate gland microvascular endothelial cell;lung endothelial cell;endothelial cell;endothelial cell of vascular tree;surface ectodermal cell;CD4-positive, CD25-positive, alpha-beta regulatory T cell;naive regulatory T cell;memory regulatory T cell;activated CD4-positive, alpha-beta T cell, human;effector memory CD4-positive, alpha-beta T cell;effector CD4-positive, alpha-beta T cell;CD8-positive, alpha-beta cytotoxic T cell;naive thymus-derived CD8-positive, alpha-beta T cell;activated CD8-positive, alpha-beta T cell, human;CD8-positive, alpha-beta cytokine secreting effector T cell;effector memory CD8-positive, alpha-beta T cell, terminally differentiated;mature NK T cell;type I NK T cell;regulatory T cell;naive T cell;DN3 thymocyte;DN4 thymocyte;immature natural killer cell;DN1 thymic pro-T cell",
EXO1,,,,no,0.164,0.092,1882,1075,-0.837,ENSG00000174371,Exonuclease 1 (hExo1),Nucleus,,
EZH2,,,,no,1.851,2.194,21194,25631,0.245,ENSG00000106462,Histone-lysine N-methyltransferase EZH2,Nucleus,"double-positive, alpha-beta thymocyte;DN4 thymocyte;precursor B cell;large pre-B-II cell;pro-B cell",
F2R,,,,no,1.599,1.326,18309,15489,-0.27,ENSG00000181104,Proteinase-activated receptor 1 (PAR-1) (Coagulation factor II receptor) (Thrombin receptor),Cell membrane,endothelial tip cell;endothelial cell of umbilical vein;endocardial cell;pancreatic stellate cell,PARs;KLK;PROCR
FAS,,,,no,1.751,1.442,20051,16855,-0.279,ENSG00000026103,Tumor necrosis factor receptor superfamily member 6 (Apo-1 antigen) (Apoptosis-mediating surface antigen FAS) (FASLG receptor) (CD antigen CD95),Secreted,basal cell of prostate epithelium;medullary thymic epithelial cell,FASLG
FBXW11,,,,no,7.449,6.098,85312,71251,-0.289,ENSG00000072803,F-box/WD repeat-containing protein 11 (F-box and WD repeats protein beta-TrCP2) (F-box/WD repeat-containing protein 1B) (Homologous to Slimb protein) (HOS),Cytoplasm,,
FBXW7,,,,no,1.6,1.316,18329,15374,-0.283,ENSG00000109670,F-box/WD repeat-containing protein 7 (Archipelago homolog) (hAgo) (F-box and WD-40 domain-containing protein 7) (F-box protein FBX30) (SEL-10) (hCdc4),Nucleus,basal cell of epidermis,
FGF13,,,,no,0.273,0.203,3124,2368,-0.429,ENSG00000129682,Fibroblast growth factor 13 (FGF-13) (Fibroblast growth factor homologous factor 2) (FHF-2),Cytoplasm,chromaffin cell;epithelial cell of sweat gland;kidney distal convoluted tubule epithelial cell;ciliary muscle cell;neuronal brush cell;visceromotor neuron,
FOXM1,,,,no,0.45,0.243,5159,2838,-0.891,ENSG00000111206,Forkhead box protein M1 (Forkhead-related protein FKHL16) (Hepatocyte nuclear factor 3 forkhead homolog 11) (HFH-11) (HNF-3/fork-head homolog 11) (M-phase phosphoprotein 2) (MPM-2 reactive phosphoprotein 2) (Transcription factor Trident) (Winged-helix factor from INS-1 cells),Nucleus,,
FOXO1,,,,no,6.409,6.11,73403,71398,-0.069,ENSG00000150907,Forkhead box protein O1 (Forkhead box protein O1A) (Forkhead in rhabdomyosarcoma),Cytoplasm,renal beta-intercalated cell;endothelial cell of pericentral hepatic sinusoid;skeletal muscle fiber;cell of skeletal muscle;fat cell;white fat cell;brown fat cell;subcutaneous fat cell;adipocyte of breast;epicardial adipocyte;adipocyte of epicardial fat of left ventricle,
FOXO3,,,,no,14.004,9.691,160388,113235,-0.531,ENSG00000118689,Forkhead box protein O3 (AF6q21 protein) (Forkhead in rhabdomyosarcoma-like 1),Cytoplasm,tongue muscle cell;skeletal muscle fibroblast;erythroid lineage cell,
FUCA1,,,,no,4.735,4.577,54234,53483,-0.049,ENSG00000179163,Tissue alpha-L-fucosidase,Lysosome,intermediate monocyte,
FZR1,,,,no,2.81,3.256,32178,38047,0.213,ENSG00000105325,Fizzy-related protein homolog (Fzr) (CDC20-like protein 1) (Cdh1/Hct1 homolog) (hCDH1),Cytoplasm,,
GADD45A,,,,no,5.886,3.406,67415,39799,-0.789,ENSG00000116717,Growth arrest and DNA damage-inducible protein GADD45 alpha (DNA damage-inducible transcript 1 protein) (DDIT-1),Nucleus,myoepithelial cell of mammary gland;urothelial cell;bladder urothelial cell;epithelial cell of uterus;epithelial cell of prostate;basal cell of prostate epithelium;epithelial cell of urethra;myometrial cell;bladder cell,
GADD45G,,,,no,3.816,3.375,43710,39432,-0.178,ENSG00000130222,Growth arrest and DNA damage-inducible protein GADD45 gamma (Cytokine-responsive protein CR6) (DNA damage-inducible transcript 2 protein) (DDIT-2),,intestinal crypt stem cell of large intestine;Sertoli cell;mesothelial cell;Leydig cell;lung secretory cell,
GATA4,,,,no,8.05,8.864,92197,103568,0.139,ENSG00000136574,Transcription factor GATA-4 (GATA-binding factor 4),Nucleus,Sertoli cell;mesothelial cell;granulosa cell;endothelial cell of sinusoid;endothelial cell of hepatic sinusoid;endothelial cell of pericentral hepatic sinusoid;ovarian surface epithelial cell;Leydig cell;regular atrial cardiac myocyte,
GLS2,,,,no,4.337,7.077,49671,82698,0.707,ENSG00000135423,"Glutaminase liver isoform, mitochondrial (GLS)",Mitochondrion,,Glutamate
GORAB,,,,no,3.429,4.352,39270,50848,0.344,ENSG00000120370,RAB6-interacting golgin (N-terminal kinase-like-binding protein 1) (NTKL-BP1) (NTKL-binding protein 1) (hNTKL-BP1) (SCY1-like 1-binding protein 1) (SCYL1-BP1) (SCYL1-binding protein 1),Cytoplasm,,
HBEGF,,,,no,1.143,1.917,13092,22398,0.746,ENSG00000113070,Proheparin-binding EGF-like growth factor,Cell membrane,ileal goblet cell;paneth cell of epithelium of small intestine;epithelial cell of prostate;basal cell of prostate epithelium;endosteal cell;epithelial cell of urethra;liver dendritic cell,EGF
HDAC1,,,,no,12.786,15.627,146438,182594,0.289,ENSG00000116478,Histone deacetylase 1 (HD1),Nucleus,,
HDAC2,,,,no,14.86,13.099,170186,153060,-0.182,ENSG00000196591,Histone deacetylase 2 (HD2),Nucleus,glioblast;Schwann cell precursor;neural crest cell;basophil mast progenitor cell;enteric neuron,
HDAC3,,,,no,8.788,7.708,100643,90063,-0.189,ENSG00000171720,Histone deacetylase 3 (HD3),Nucleus,,
HEXIM1,,,,no,4.323,4.162,49516,48633,-0.055,ENSG00000186834,Protein HEXIM1 (Cardiac lineage protein 1) (Estrogen down-regulated gene 1 protein) (Hexamethylene bis-acetamide-inducible protein 1) (Menage a quatre protein 1),Nucleus,intestinal crypt stem cell of large intestine;vasa recta ascending limb cell;vasa recta descending limb cell;kidney capillary endothelial cell;glomerular capillary endothelial cell;fenestrated cell;glomerular endothelial cell,
HIPK2,,,,no,23.242,20.257,266188,236692,-0.198,ENSG00000064393,Homeodomain-interacting protein kinase 2 (hHIPk2),Nucleus,kidney loop of Henle thin descending limb epithelial cell;preadipocyte;brown preadipocyte,
HIPK3,,,,no,24.072,20.741,275696,242348,-0.215,ENSG00000110422,Homeodomain-interacting protein kinase 3,Cytoplasm,retinal blood vessel endothelial cell,
HMGA1,,,,no,5.065,4.995,58009,58364,-0.02,ENSG00000137309,High mobility group protein HMG-I/HMG-Y (HMG-I(Y)) (High mobility group AT-hook protein 1) (High mobility group protein A1) (High mobility group protein R),Nucleus;Chromosome,endothelial cell of umbilical vein;epithelial cell of urethra;eosinophil;professional antigen presenting cell;dendritic cell;large pre-B-II cell;erythroid progenitor cell;proerythroblast;primitive red blood cell;basophil mast progenitor cell;early lymphoid progenitor;fraction A pre-pro B cell,
HMGA2,,,,no,0.438,0.291,5022,3405,-0.59,ENSG00000149948,High mobility group protein HMGI-C (High mobility group AT-hook protein 2),Nucleus,glioblast;Schwann cell precursor;neural crest cell;mesothelial cell;taste receptor cell;mesodermal cell;enteric smooth muscle cell;mesangial cell;mesenchymal cell,
HMOX1,,,,no,1.145,1.238,13114,14463,0.112,ENSG00000100292,Heme oxygenase 1 (HO-1),Endoplasmic reticulum membrane,"epithelial cell of lacrimal sac;squamous epithelial cell;blood vessel endothelial cell;vein endothelial cell;prostate gland microvascular endothelial cell;type II pneumocyte;endothelial cell of vascular tree;elicited macrophage;alternatively activated macrophage;Hofbauer cell;non-classical monocyte;CD14-low, CD16-positive monocyte;CD14-positive, CD16-positive monocyte;intermediate monocyte;lung secretory cell",
HRAS,,,,no,3.894,4.039,44603,47189,0.052,ENSG00000174775,GTPase HRas,Cell membrane,,
IFNB1,,,,no,0.037,,429,0,,ENSG00000171855,Interferon beta (IFN-beta) (Fibroblast interferon),Secreted,,IFN-I
IGF1,,,,no,2.35,0.766,26912,8945,-1.618,ENSG00000017427,Insulin-like growth factor I (IGF-I) (Mechano growth factor) (MGF) (Somatomedin-C),Secreted,mesenchymal stem cell;pulmonary ionocyte;ionocyte;tracheobronchial smooth muscle cell;decidual cell;neuron;connective tissue cell;fibroblast;fibroblast of connective tissue of nonglandular part of prostate;fibroblast of connective tissue of glandular part of prostate;subcutaneous fat cell;adipocyte of breast;epicardial adipocyte;adipocyte of epicardial fat of left ventricle;myofibroblast cell;stromal cell;stromal cell of ovary;adventitial cell,IGF
IL1A,,,,no,0.063,0.024,726,276,-1.424,ENSG00000115008,Interleukin-1 alpha (IL-1 alpha) (Hematopoietin-1),Nucleus,,IL1
IL6,,,,no,0.419,0.217,4797,2534,-0.95,ENSG00000136244,Interleukin-6 (IL-6) (B-cell stimulatory factor 2) (BSF-2) (CTL differentiation factor) (CDF) (Hybridoma growth factor) (Interferon beta-2) (IFN-beta-2),Secreted,squamous epithelial cell;blood vessel endothelial cell;vein endothelial cell;prostate gland microvascular endothelial cell;endothelial cell;endothelial cell of vascular tree;vascular associated smooth muscle cell;smooth muscle cell of prostate;myeloid cell;fibroblast of mammary gland;fibroblast of connective tissue of nonglandular part of prostate;fibroblast of connective tissue of glandular part of prostate;fibroblast of breast;mural cell,IL6
INHBB,,,,no,1.79,2.391,20497,27943,0.418,ENSG00000163083,Inhibin beta B chain (Activin beta-B chain),Secreted,Sertoli cell;mesothelial cell,ACTIVIN
IRAK1,,,,no,25.893,21.945,296553,256424,-0.239,ENSG00000184216,Interleukin-1 receptor-associated kinase 1 (IRAK-1),Cytoplasm,,
ITGB4,,,,no,3.596,5.705,41187,66665,0.666,ENSG00000132470,Integrin beta-4 (GP150) (CD antigen CD104),Cell membrane,basal cell of epidermis;follicular dendritic cell;salivary gland cell,NRG;IGF;LAMININ
ITPR1,,,,no,1.418,1.182,16241,13811,-0.263,ENSG00000150995,"Inositol 1,4,5-trisphosphate receptor type 1 (IP3 receptor isoform 1) (IP3R 1) (InsP3R1) (Type 1 inositol 1,4,5-trisphosphate receptor) (Type 1 InsP3 receptor)",Endoplasmic reticulum membrane,choroid plexus epithelial cell;kidney distal convoluted tubule epithelial cell;smooth muscle cell of sphincter of pupil;ciliary muscle cell;Purkinje cell,
ITPR3,,,,no,7.175,11.43,82178,133554,0.672,ENSG00000096433,"Inositol 1,4,5-trisphosphate receptor type 3 (IP3 receptor isoform 3) (IP3R 3) (InsP3R3) (Type 3 inositol 1,4,5-trisphosphate receptor) (Type 3 InsP3 receptor)",Endoplasmic reticulum membrane,,
KAT5,,,,no,4.929,5.024,56449,58700,0.028,ENSG00000172977,Histone acetyltransferase KAT5,Nucleus,,
KDM6B,,,,no,8.345,7.446,95571,87005,-0.164,ENSG00000132510,Lysine-specific demethylase 6B,Nucleus,skeletal muscle satellite stem cell;skeletal muscle satellite cell;liver dendritic cell;fibroblast of connective tissue of nonglandular part of prostate;fibroblast of connective tissue of glandular part of prostate,
KIR2DL4,,,,no,0.02,0.009,233,107,-1.152,ENSG00000189013,Killer cell immunoglobulin-like receptor 2DL4 (CD158 antigen-like family member D) (G9P) (Killer cell inhibitory receptor 103AS) (KIR-103AS) (MHC class I NK cell receptor KIR103AS) (CD antigen CD158d),Cell membrane,"gamma-delta T cell;innate lymphoid cell;natural killer cell;CD16-negative, CD56-bright natural killer cell, human;decidual natural killer cell, human;ILC1, human",
KLF4,,,,no,1.981,1.764,22689,20617,-0.167,ENSG00000136826,Krueppel-like factor 4 (Epithelial zinc finger protein EZF) (Gut-enriched krueppel-like factor),Nucleus,intestinal crypt stem cell of large intestine;lung endothelial cell;ileal goblet cell;endothelial cell;endothelial cell of vascular tree;monocyte,
KRAS,,,,no,7.627,4.406,87350,51484,-0.792,ENSG00000133703,GTPase KRas,Cell membrane,,
LIF,,,,no,1.685,1.118,19294,13062,-0.592,ENSG00000128342,Leukemia inhibitory factor (LIF) (Differentiation-stimulating factor) (D factor) (Melanoma-derived LPL inhibitor) (MLPLI) (Emfilermin),Secreted,smooth muscle cell of prostate;mast cell;mucosal type mast cell;group 2 innate lymphoid cell;fibroblast of mammary gland;fibroblast of connective tissue of nonglandular part of prostate;fibroblast of connective tissue of glandular part of prostate;fibroblast of breast,LIFR
LMNB1,,,,no,1.766,1.734,20225,20258,-0.027,ENSG00000113368,Lamin-B1,Nucleus lamina,DN4 thymocyte;precursor B cell;large pre-B-II cell;common dendritic progenitor;hematopoietic precursor cell;pro-B cell;fraction A pre-pro B cell,
MAP2K1,,,,no,4.591,3.625,52585,42362,-0.341,ENSG00000169032,Dual specificity mitogen-activated protein kinase kinase 1 (MAP kinase kinase 1) (MAPKK 1) (MKK1),Cytoplasm,,
MAP2K4,,,,no,5.756,4.758,65928,55599,-0.275,ENSG00000065559,Dual specificity mitogen-activated protein kinase kinase 4 (MAP kinase kinase 4) (MAPKK 4),Cytoplasm,,
MAP3K5,,,,no,5.551,4.769,63570,55719,-0.219,ENSG00000197442,Mitogen-activated protein kinase kinase kinase 5,Cytoplasm,basal epithelial cell of prostatic duct;cortical cell of adrenal gland;chorionic trophoblast cell;kidney interstitial fibroblast;papillary tips cell,
MAP4K4,,,,no,7.144,5.936,81815,69364,-0.267,ENSG00000071054,Mitogen-activated protein kinase kinase kinase kinase 4,Cytoplasm,central nervous system macrophage;neuron associated cell;glial cell;macroglial cell;oligodendrocyte;preadipocyte,
MAPK1,,,,no,12.287,10.624,140728,124144,-0.21,ENSG00000100030,Mitogen-activated protein kinase 1 (MAP kinase 1) (MAPK 1),Cytoplasm,"CD8-positive, alpha-beta cytokine secreting effector T cell",
MAPK10,,,,no,1.99,1.682,22794,19649,-0.243,ENSG00000109339,Mitogen-activated protein kinase 10 (MAP kinase 10) (MAPK 10),Cytoplasm,ependymal cell;choroid plexus epithelial cell;astrocyte;papillary tips cell,
MAPK11,,,,no,0.727,0.909,8330,10624,0.322,ENSG00000185386,Mitogen-activated protein kinase 11 (MAP kinase 11) (MAPK 11),Cytoplasm,,
MAPK12,,,,no,0.309,0.469,3538,5484,0.603,ENSG00000188130,Mitogen-activated protein kinase 12 (MAP kinase 12) (MAPK 12),Cytoplasm;Nucleus;Mitochondrion,,
MAPK14,,,,no,5.16,6.672,59092,77955,0.371,ENSG00000112062,Mitogen-activated protein kinase 14 (MAP kinase 14) (MAPK 14),Cytoplasm,,
MAPK3,,,,no,8.17,12.041,93574,140692,0.559,ENSG00000102882,Mitogen-activated protein kinase 3 (MAP kinase 3) (MAPK 3),Cytoplasm,,
MAPK7,,,,no,1.421,1.599,16279,18688,0.17,ENSG00000166484,Mitogen-activated protein kinase 7 (MAP kinase 7) (MAPK 7),Cytoplasm;Nucleus;Nucleus,,
MAPK8,,,,no,4.446,4.116,50917,48090,-0.111,ENSG00000107643,Mitogen-activated protein kinase 8 (MAP kinase 8) (MAPK 8),Cytoplasm,,
MAPK9,,,,no,9.884,7.415,113205,86638,-0.415,ENSG00000050748,Mitogen-activated protein kinase 9 (MAP kinase 9) (MAPK 9),Cytoplasm,,
MAPKAPK2,,,,no,23.183,23.17,265509,270732,-0.001,ENSG00000162889,MAP kinase-activated protein kinase 2 (MAPK-activated protein kinase 2) (MAPKAP kinase 2) (MAPKAP-K2) (MAPKAPK-2) (MK-2) (MK2),Cytoplasm,"type EC enteroendocrine cell;plasmacytoid dendritic cell;plasmacytoid dendritic cell, human;dendritic cell, human;common dendritic progenitor",
MDM2,,,,no,10.664,10.219,122134,119404,-0.062,ENSG00000135679,E3 ubiquitin-protein ligase Mdm2,Nucleus,,
MDM4,,,,no,5.287,6.241,60556,72924,0.239,ENSG00000198625,Protein Mdm4 (Double minute 4 protein) (Mdm2-like p53-binding protein) (Protein Mdmx) (p53-binding protein Mdm4),Nucleus,IgG-negative class switched memory B cell;precursor B cell;pro-B cell,
MOV10,,,,no,5.332,7.284,61062,85110,0.45,ENSG00000155363,Helicase MOV-10,Cytoplasm,,
MRE11,,,,no,4.226,4.45,48403,52000,0.075,ENSG00000020922,Double-strand break repair protein MRE11,Nucleus,,
MTA2,,,,no,4.217,4.478,48294,52321,0.087,ENSG00000149480,Metastasis-associated protein MTA2 (Metastasis-associated 1-like 1) (MTA1-L1 protein) (p53 target protein in deacetylase complex),Nucleus,,
MTOR,,,,no,5.627,5.542,64450,64752,-0.022,ENSG00000198793,Serine/threonine-protein kinase mTOR,Endoplasmic reticulum membrane,,
MXD1,,,,no,1.533,1.641,17554,19170,0.098,ENSG00000059728,Max dimerization protein 1 (Max dimerizer 1) (Protein MAD),Nucleus,paneth cell of colon;paneth cell of epithelium of small intestine;inflammatory macrophage;blood cell;granulocyte;neutrophil;liver dendritic cell,
MYBL2,,,,no,3.288,2.79,37657,32599,-0.237,ENSG00000101057,Myb-related protein B (B-Myb) (Myb-like protein 2),Nucleus,"plasmacytoid dendritic cell;plasmacytoid dendritic cell, human;germinal center B cell",
MYC,,,,no,17.481,11.033,200213,128915,-0.664,ENSG00000136997,Myc proto-oncogene protein (Class E basic helix-loop-helix protein 39) (bHLHe39) (Proto-oncogene c-Myc) (Transcription factor p64),Nucleus,"mesenchymal stem cell;skeletal muscle satellite stem cell;basal cell of prostate epithelium;tongue muscle cell;skeletal muscle satellite cell;naive thymus-derived CD8-positive, alpha-beta T cell;erythroid lineage cell;erythroid progenitor cell;tendon cell",
NBN,,,,no,8.208,7.406,94010,86533,-0.148,ENSG00000104320,Nibrin (Cell cycle regulatory protein p95) (Nijmegen breakage syndrome protein 1),Nucleus,blood cell;granulocyte,
NDRG1,,,,no,16.842,17.238,192885,201421,0.034,ENSG00000104419,Protein NDRG1 (Differentiation-related gene 1 protein) (DRG-1) (N-myc downstream-regulated gene 1 protein) (Nickel-specific induction protein Cap43) (Reducing agents and tunicamycin-responsive protein) (RTP) (Rit42),Cytoplasm,retinal blood vessel endothelial cell;prostate gland microvascular endothelial cell;stratified epithelial cell;respiratory epithelial cell;epithelial cell of lower respiratory tract;club cell;mesothelial fibroblast,
NFATC1,,,,no,1.318,1.555,15093,18175,0.239,ENSG00000131196,"Nuclear factor of activated T-cells, cytoplasmic 1 (NF-ATc1) (NFATc1) (NFAT transcription complex cytosolic component) (NF-ATc) (NFATc)",Cytoplasm,epithelial cell of thymus;endothelial cell of lymphatic vessel;osteoclast;neuron,
NFATC2,,,,no,1.293,1.217,14807,14226,-0.087,ENSG00000101096,"Nuclear factor of activated T-cells, cytoplasmic 2 (NF-ATc2) (NFATc2) (NFAT pre-existing subunit) (NF-ATp) (T-cell transcription factor NFAT1)",Cytoplasm;Nucleus,,
NFATC3,,,,no,3.852,3.766,44120,44008,-0.033,ENSG00000072736,"Nuclear factor of activated T-cells, cytoplasmic 3 (NF-ATc3) (NFATc3) (NFATx) (T-cell transcription factor NFAT4) (NF-AT4) (NF-AT4c)",Cytoplasm,,
NFATC4,,,,no,1.719,1.732,19683,20243,0.012,ENSG00000100968,"Nuclear factor of activated T-cells, cytoplasmic 4 (NF-ATc4) (NFATc4) (T-cell transcription factor NFAT3) (NF-AT3)",Cytoplasm,neural progenitor cell,
NFKB1,,,,no,4.659,4.48,53358,52342,-0.057,ENSG00000109320,Nuclear factor NF-kappa-B p105 subunit (DNA-binding factor KBF1) (EBP-1) (Nuclear factor of kappa light polypeptide gene enhancer in B-cells 1),Nucleus,"cortical thymic epithelial cell;elicited macrophage;inflammatory macrophage;alternatively activated macrophage;mast cell;mucosal type mast cell;group 3 innate lymphoid cell;CD34-positive, CD56-positive, CD117-positive common innate lymphoid precursor, human;myeloid cell;fibroblast of connective tissue of nonglandular part of prostate",
NHLH2,,,,no,0.095,0.016,1093,189,-2.561,ENSG00000177551,Helix-loop-helix protein 2 (HEN-2) (Class A basic helix-loop-helix protein 34) (bHLHa34) (Nescient helix loop helix 2) (NSCL-2),Nucleus,,
NINJ1,,,,no,3.95,3.586,45242,41906,-0.139,ENSG00000131669,Ninjurin-1 (Nerve injury-induced protein 1),Secreted,"elicited macrophage;inflammatory macrophage;alternatively activated macrophage;colon macrophage;Hofbauer cell;hematopoietic cell;leukocyte;myeloid leukocyte;intermediate monocyte;CD34-positive, CD56-positive, CD117-positive common innate lymphoid precursor, human;myeloid cell",
NOTCH1,,,,no,6.25,5.839,71582,68226,-0.098,ENSG00000148400,Neurogenic locus notch homolog protein 1 (Notch 1) (hN1) (Translocation-associated notch protein TAN-1),Cell membrane,,CNTN;NOTCH
NRAS,,,,no,7.324,4.932,83886,57624,-0.571,ENSG00000213281,GTPase NRas,Cell membrane,,
OSGIN1,,,,no,1.517,1.264,17374,14772,-0.263,ENSG00000140961,"Oxidative stress-induced growth inhibitor 1 (Bone marrow stromal cell-derived growth inhibitor) (BMSC-derived growth inhibitor) (Ovary, kidney and liver protein 38) (huOKL38) (Pregnancy-induced growth inhibitor OKL38)",,,
PCNA,,,,no,8.72,8.294,99873,96918,-0.072,ENSG00000132646,Proliferating cell nuclear antigen (PCNA) (Cyclin),Nucleus,alpha-beta T cell;mature alpha-beta T cell;mucosal invariant T cell;mature T cell;primitive red blood cell;pre-conventional dendritic cell,
PDGFA,,,,no,21.946,19.66,251350,229716,-0.159,ENSG00000197461,Platelet-derived growth factor subunit A (PDGF subunit A) (PDGF-1) (Platelet-derived growth factor A chain) (Platelet-derived growth factor alpha polypeptide),Secreted,"paneth cell of epithelium of small intestine;CD14-positive, CD16-negative classical monocyte;myometrial cell;CD14-positive, CD16-positive monocyte",PDGF
PDPK1,,,,no,6.841,7.32,78351,85530,0.098,ENSG00000140992,3-phosphoinositide-dependent protein kinase 1 (hPDK1),Cytoplasm;Nucleus;Cell membrane,,
PHLDA3,,,,no,0.751,0.822,8597,9607,0.131,ENSG00000174307,Pleckstrin homology-like domain family A member 3 (TDAG51/Ipl homolog 1),Cytoplasm,urothelial cell;epithelial cell of urethra;alveolar macrophage;lung macrophage;bladder cell,
PIK3CA,,,,no,6.97,6.121,79827,71518,-0.187,ENSG00000121879,"Phosphatidylinositol 4,5-bisphosphate 3-kinase catalytic subunit alpha isoform (PI3-kinase subunit alpha) (PI3K-alpha) (PI3Kalpha) (PtdIns-3-kinase subunit alpha)",,,
PIK3CB,,,,no,10.714,9.571,122705,111829,-0.163,ENSG00000051382,"Phosphatidylinositol 4,5-bisphosphate 3-kinase catalytic subunit beta isoform (PI3-kinase subunit beta) (PI3K-beta) (PI3Kbeta) (PtdIns-3-kinase subunit beta)",Cytoplasm,,
PIK3CD,,,,no,1.39,2.73,15919,31898,0.974,ENSG00000171608,"Phosphatidylinositol 4,5-bisphosphate 3-kinase catalytic subunit delta isoform (PI3-kinase subunit delta) (PI3K-delta) (PI3Kdelta) (PtdIns-3-kinase subunit delta)",Cytoplasm,,
PIK3R1,,,,no,4.493,4.853,51457,56704,0.111,ENSG00000145675,Phosphatidylinositol 3-kinase regulatory subunit alpha (PI3-kinase regulatory subunit alpha) (PI3K regulatory subunit alpha) (PtdIns-3-kinase regulatory subunit alpha) (Phosphatidylinositol 3-kinase 85 kDa regulatory subunit alpha) (PI3-kinase subunit p85-alpha) (PtdIns-3-kinase regulatory subunit p85-alpha),,epithelial cell of thymus;cortical thymic epithelial cell;alpha-beta T cell;mature alpha-beta T cell;mucosal invariant T cell;mature T cell;keratocyte,
PIK3R2,,,,no,8.295,7.973,94998,93166,-0.057,ENSG00000105647,Phosphatidylinositol 3-kinase regulatory subunit beta (PI3-kinase regulatory subunit beta) (PI3K regulatory subunit beta) (PtdIns-3-kinase regulatory subunit beta) (Phosphatidylinositol 3-kinase 85 kDa regulatory subunit beta) (PI3-kinase subunit p85-beta) (PtdIns-3-kinase regulatory subunit p85-beta),,,
PIP4K2A,,,,no,1.855,1.736,21247,20289,-0.095,ENSG00000150867,Phosphatidylinositol 5-phosphate 4-kinase type-2 alpha,Cell membrane,"endothelial cell of sinusoid;endothelial cell of hepatic sinusoid;endothelial cell of pericentral hepatic sinusoid;Kupffer cell;melanocyte;enucleate erythrocyte;CD8-positive, alpha-beta cytokine secreting effector T cell;neuron associated cell;glial cell;macroglial cell;oligodendrocyte;Schwann cell",
PLXNB2,,,,no,21.592,27.728,247287,323999,0.361,ENSG00000196576,Plexin-B2 (MM1),Cell membrane,,SEMA4
PMAIP1,,,,no,1.459,0.36,16710,4201,-2.021,ENSG00000141682,Phorbol-12-myristate-13-acetate-induced protein 1 (PMA-induced protein 1) (Immediate-early-response protein APR) (Protein Noxa),Mitochondrion,stem cell of epidermis;epithelial cell of lacrimal sac;keratinocyte;urothelial cell;bladder urothelial cell;epithelial cell of uterus;cortical thymic epithelial cell;epidermal cell;conjunctival epithelial cell;naive regulatory T cell;bladder cell,
PML,,,,no,2.786,3.974,31911,46437,0.512,ENSG00000140464,Protein PML (E3 SUMO-protein ligase PML),Nucleus;Nucleus,,
POLH,,,,no,2.466,2.886,28241,33720,0.227,ENSG00000170734,DNA polymerase eta,Nucleus,,
PPID,,,,no,5.254,4.894,60174,57187,-0.102,ENSG00000171497,Peptidyl-prolyl cis-trans isomerase D (PPIase D),Cytoplasm,,
PPM1D,,,,no,4.188,5.004,47963,58467,0.257,ENSG00000170836,Protein phosphatase 1D,Nucleus,,
PPP1CA,,,,no,16.15,16.684,184968,194948,0.047,ENSG00000172531,Serine/threonine-protein phosphatase PP1-alpha catalytic subunit (PP-1A),Cytoplasm,large pre-B-II cell;pre-conventional dendritic cell,
PPP2CA,,,,no,15.594,14.558,178595,170102,-0.099,ENSG00000113575,Serine/threonine-protein phosphatase 2A catalytic subunit alpha isoform (PP2A-alpha),Cytoplasm,,
PPP2R1A,,,,no,12.025,13.083,137719,152877,0.122,ENSG00000105568,Serine/threonine-protein phosphatase 2A 65 kDa regulatory subunit A alpha isoform (Medium tumor antigen-associated 61 kDa protein) (PP2A subunit A isoform PR65-alpha) (PP2A subunit A isoform R1-alpha),Cytoplasm,glioblast;Schwann cell precursor;ovarian surface epithelial cell,
PPP3CA,,,,no,3.993,4.225,45734,49368,0.081,ENSG00000138814,Protein phosphatase 3 catalytic subunit alpha,Cytoplasm,renal beta-intercalated cell;luminal cell of prostate epithelium;stellate neuron;granule cell;cerebellar granule cell,
PRDM1,,,,no,0.42,0.903,4807,10547,1.105,ENSG00000057657,PR domain zinc finger protein 1,Nucleus,"plasmablast;IgA plasmablast;CD4-positive, alpha-beta cytotoxic T cell;effector CD4-positive, alpha-beta T cell;mature NK T cell;type I NK T cell;plasma cell;IgG plasma cell;IgM plasma cell;IgA plasma cell;DN1 thymic pro-T cell",
PRKAA1,,,,no,8.061,7.554,92325,88264,-0.094,ENSG00000132356,5'-AMP-activated protein kinase catalytic subunit alpha-1 (AMPK subunit alpha-1),Cytoplasm,,
PRKAA2,,,,no,2.068,1.699,23685,19858,-0.283,ENSG00000162409,5'-AMP-activated protein kinase catalytic subunit alpha-2 (AMPK subunit alpha-2),Cytoplasm,renal beta-intercalated cell,
PRKAB1,,,,no,3.934,4.127,45057,48224,0.069,ENSG00000111725,5'-AMP-activated protein kinase subunit beta-1 (AMPK subunit beta-1) (AMPKb),,enteroendocrine cell of colon;lung secretory cell,
PRKAG1,,,,no,7.179,6.306,82220,73684,-0.187,ENSG00000181929,5'-AMP-activated protein kinase subunit gamma-1 (AMPK gamma1) (AMPK subunit gamma-1) (AMPKg),,,
PRKAG2,,,,no,2.524,2.493,28910,29126,-0.018,ENSG00000106617,5'-AMP-activated protein kinase subunit gamma-2 (AMPK gamma2) (AMPK subunit gamma-2) (H91620p),,regular atrial cardiac myocyte,
PRMT5,,,,no,5.545,5.66,63510,66138,0.03,ENSG00000100462,Protein arginine N-methyltransferase 5 (PRMT5),Cytoplasm,,
PROCR,,,,no,1.845,1.515,21129,17703,-0.284,ENSG00000101000,Endothelial protein C receptor (Activated protein C receptor) (APC receptor) (Endothelial cell protein C receptor) (CD antigen CD201),Membrane,granulosa cell,PROCR;PROC
PTEN,,,,no,21.121,18.505,241901,216228,-0.191,ENSG00000171862,"Phosphatidylinositol 3,4,5-trisphosphate 3-phosphatase and dual-specificity protein phosphatase PTEN",Cytoplasm,melanocyte;melanocyte of skin;kidney interstitial fibroblast;subcutaneous fat cell;epicardial adipocyte,
PVT1,,,,no,1.088,1.292,12466,15091,0.247,ENSG00000249859,,,lung goblet cell;cortical cell of adrenal gland;erythroid progenitor cell;proerythroblast;preadipocyte;brown preadipocyte;mesothelial fibroblast,
RAD50,,,,no,6.972,7.55,79853,88219,0.115,ENSG00000113522,DNA repair protein RAD50 (hRAD50),Nucleus,,
RAF1,,,,no,15.389,15.043,176249,175777,-0.033,ENSG00000132155,RAF proto-oncogene serine/threonine-protein kinase,Cytoplasm;Cell membrane;Mitochondrion;Nucleus,,
RASSF5,,,,no,3.267,4.621,37422,53998,0.5,ENSG00000266094,Ras association domain-containing protein 5 (New ras effector 1) (Regulator for cell adhesion and polarization enriched in lymphoid tissues) (RAPL),Cytoplasm;Cytoplasm,basophil;liver dendritic cell;group 2 innate lymphoid cell,
RB1,,,,no,6.828,6.976,78196,81518,0.031,ENSG00000139687,Retinoblastoma-associated protein (p105-Rb) (p110-RB1) (pRb) (Rb) (pp110),Nucleus,,
RBBP4,,,,no,25.184,22.951,288431,268171,-0.134,ENSG00000162521,Histone-binding protein RBBP4 (Chromatin assembly factor 1 subunit C) (CAF-1 subunit C) (Chromatin assembly factor I p48 subunit) (CAF-I 48 kDa subunit) (CAF-I p48) (Nucleosome-remodeling factor subunit RBAP48) (Retinoblastoma-binding protein 4) (RBBP-4) (Retinoblastoma-binding protein p48),Nucleus,large pre-B-II cell;macrophage dendritic cell progenitor;early lymphoid progenitor;fraction A pre-pro B cell,
RBBP7,,,,no,9.977,11.015,114269,128703,0.143,ENSG00000102054,Histone-binding protein RBBP7 (Histone acetyltransferase type B subunit 2) (Nucleosome-remodeling factor subunit RBAP46) (Retinoblastoma-binding protein 7) (RBBP-7) (Retinoblastoma-binding protein p46),Nucleus,Sertoli cell;granulosa cell;placental villous trophoblast,
RBBP8,,,,no,8.243,7.065,94408,82556,-0.222,ENSG00000101773,DNA endonuclease RBBP8,Nucleus,,
RBL2,,,,no,11.021,11.979,126219,139977,0.12,ENSG00000103479,Retinoblastoma-like protein 2 (130 kDa retinoblastoma-associated protein) (p130) (Retinoblastoma-related protein 2) (RBR-2) (pRb2),Nucleus,,
RELA,,,,no,10.299,10.655,117951,124503,0.049,ENSG00000173039,Transcription factor p65 (Nuclear factor NF-kappa-B p65 subunit) (Nuclear factor of kappa light polypeptide gene enhancer in B-cells 3),Nucleus,,
RFC3,,,,no,1.845,1.704,21131,19914,-0.114,ENSG00000133119,Replication factor C subunit 3 (Activator 1 38 kDa subunit) (A1 38 kDa subunit) (Activator 1 subunit 3) (Replication factor C 38 kDa subunit) (RF-C 38 kDa subunit) (RFC38),Nucleus,,
RFC4,,,,no,2.339,2.446,26783,28577,0.065,ENSG00000163918,Replication factor C subunit 4 (Activator 1 37 kDa subunit) (A1 37 kDa subunit) (Activator 1 subunit 4) (Replication factor C 37 kDa subunit) (RF-C 37 kDa subunit) (RFC37),Nucleus,,
RFC5,,,,no,2.272,2.945,26019,34407,0.374,ENSG00000111445,Replication factor C subunit 5 (Activator 1 36 kDa subunit) (A1 36 kDa subunit) (Activator 1 subunit 5) (Replication factor C 36 kDa subunit) (RF-C 36 kDa subunit) (RFC36),Nucleus,precursor B cell,
RHEB,,,,no,1.068,0.646,12232,7544,-0.726,ENSG00000106615,GTP-binding protein Rheb (Ras homolog enriched in brain),Endomembrane system,,
RNF2,,,,no,4.047,3.538,46347,41345,-0.194,ENSG00000121481,E3 ubiquitin-protein ligase RING2,Nucleus,,
RPA3,,,,no,2.762,2.717,31630,31751,-0.023,ENSG00000106399,Replication protein A 14 kDa subunit (RP-A p14) (Replication factor A protein 3) (RF-A protein 3),Nucleus,primitive red blood cell,
RPRM,,,,no,0.04,0.011,453,134,-1.786,ENSG00000177519,Protein reprimo,Cytoplasm,neuroendocrine cell;lung neuroendocrine cell;mesothelial cell;granulosa cell;ovarian surface epithelial cell;stromal cell;stromal cell of ovary,
RRAD,,,,no,0.092,0.242,1057,2824,1.389,ENSG00000166592,GTP-binding protein RAD (RAD1) (Ras associated with diabetes),Cell membrane,multi-ciliated epithelial cell;ciliated columnar cell of tracheobronchial tree;ciliated cell of the bronchus;vascular associated smooth muscle cell;myometrial cell;bronchial smooth muscle cell;mural cell,
RRAS,,,,no,1.824,1.985,20887,23189,0.122,ENSG00000126458,Ras-related protein R-Ras,Cell membrane,cerebral cortex endothelial cell;endosteal cell;myometrial cell,
RRM2,,,,no,0.617,0.402,7069,4694,-0.62,ENSG00000171848,Ribonucleoside-diphosphate reductase subunit M2,Cytoplasm,"immature alpha-beta T cell;double-positive, alpha-beta thymocyte;T-helper 17 cell;activated CD4-positive, alpha-beta T cell;precursor B cell;pro-B cell;fraction A pre-pro B cell",
RXRA,,,,no,10.016,10.133,114717,118398,0.017,ENSG00000186350,Retinoic acid receptor RXR-alpha (Nuclear receptor subfamily 2 group B member 1) (Retinoid X receptor alpha),Nucleus,,RA
SERPINB5,,,,no,0.03,,343,0,,ENSG00000206075,Serpin B5 (Maspin) (Peptidase inhibitor 5) (PI-5),Secreted,stem cell;basal cell;respiratory basal cell;basal cell of epithelium of bronchus;epithelial cell of stratum germinativum of esophagus;stem cell of epidermis;keratinocyte;stratified epithelial cell;respiratory epithelial cell;epithelial cell of lower respiratory tract;bronchial epithelial cell;basal epithelial cell of tracheobronchial tree;epidermal cell;epithelial cell of urethra;conjunctival epithelial cell,
SERPINE1,,,,no,3.762,1.954,43082,22829,-0.945,ENSG00000106366,Plasminogen activator inhibitor 1 (PAI) (PAI-1) (Endothelial plasminogen activator inhibitor) (Serpin E1),Secreted,squamous epithelial cell;blood vessel endothelial cell;vein endothelial cell;endothelial cell of umbilical vein;prostate gland microvascular endothelial cell;endothelial cell;endothelial cell of vascular tree;myometrial cell;connective tissue cell;fibroblast;fibroblast of lung;fibroblast of mammary gland;fibroblast of connective tissue of nonglandular part of prostate;fibroblast of connective tissue of glandular part of prostate;fibroblast of breast;mesothelial fibroblast,
SESN2,,,,no,1.545,2.166,17697,25314,0.488,ENSG00000130766,Sestrin-2,Cytoplasm,,
SESN3,,,,no,3.593,2.462,41156,28770,-0.545,ENSG00000149212,Sestrin-3,Cytoplasm,,
SGK1,,,,no,23.268,16.704,266482,195180,-0.478,ENSG00000118515,Serine/threonine-protein kinase Sgk1,Cytoplasm;Nucleus;Endoplasmic reticulum membrane;Cell membrane;Mitochondrion,pigmented epithelial cell;pigmented ciliary epithelial cell;non-pigmented ciliary epithelial cell;glomerular capillary endothelial cell;mesothelial cell of pleura;fenestrated cell;glomerular endothelial cell;hematopoietic cell;liver dendritic cell;myeloid leukocyte,
SIAH1,,,,no,3.557,3.393,40742,39650,-0.068,ENSG00000196470,E3 ubiquitin-protein ligase SIAH1,Cytoplasm;Nucleus,syncytiotrophoblast cell,
SIRT1,,,,no,4.683,5.477,53637,63993,0.226,ENSG00000096717,NAD-dependent protein deacetylase sirtuin-1 (hSIRT1),Nucleus,,
SLC25A31,,,,no,0.112,0.019,1286,222,-2.563,ENSG00000151475,"ADP/ATP translocase 4 (ADP,ATP carrier protein 4) (Adenine nucleotide translocator 4) (ANT 4) (Solute carrier family 25 member 31) (Sperm flagellar energy carrier protein)",Mitochondrion inner membrane,,
SLC25A4,,,,no,7.178,4.688,82209,54781,-0.615,ENSG00000151729,"ADP/ATP translocase 1 (ADP,ATP carrier protein 1) (ADP,ATP carrier protein, heart/skeletal muscle isoform T1) (Adenine nucleotide translocator 1) (ANT 1) (Solute carrier family 25 member 4)",Mitochondrion inner membrane,cardiac muscle cell;slow muscle cell;fast muscle cell,
SLC3A2,,,,no,7.377,10.392,84484,121429,0.494,ENSG00000168003,Amino acid transporter heavy chain SLC3A2 (4F2 cell-surface antigen heavy chain) (4F2hc) (4F2 heavy chain antigen) (Lymphocyte activation antigen 4F2 large subunit) (Solute carrier family 3 member 2) (CD antigen CD98),Apical cell membrane,myoepithelial cell;myoepithelial cell of mammary gland;pancreatic A cell;cerebral cortex endothelial cell;mammary gland epithelial cell;fibroblast of mammary gland,
SLC7A11,,,,no,0.304,0.323,3477,3775,0.09,ENSG00000151012,Cystine/glutamate transporter (Amino acid transport system xc-) (Calcium channel blocker resistance protein CCBR1) (Solute carrier family 7 member 11) (xCT),Cell membrane,myoepithelial cell;myoepithelial cell of mammary gland,
SMAD2,,,,no,13.153,12.16,150638,142090,-0.113,ENSG00000175387,Mothers against decapentaplegic homolog 2 (MAD homolog 2) (Mothers against DPP homolog 2) (JV18-1) (Mad-related protein 2) (hMAD-2) (SMAD family member 2) (SMAD 2) (Smad2) (hSMAD2),Cytoplasm,non-pigmented ciliary epithelial cell,
SMAD3,,,,no,8.116,8.999,92953,105149,0.149,ENSG00000166949,Mothers against decapentaplegic homolog 3 (MAD homolog 3) (Mad3) (Mothers against DPP homolog 3) (hMAD-3) (JV15-2) (SMAD family member 3) (SMAD 3) (Smad3) (hSMAD3),Cytoplasm,corneal epithelial cell;papillary tips cell,
SOCS1,,,,no,0.963,0.642,11029,7496,-0.586,ENSG00000185338,Suppressor of cytokine signaling 1 (SOCS-1) (JAK-binding protein) (JAB) (STAT-induced STAT inhibitor 1) (SSI-1) (Tec-interacting protein 3) (TIP-3),Nucleus,"intestinal crypt stem cell of large intestine;epithelial cell of thymus;basophil;mast cell;mucosal type mast cell;T cell;effector CD4-positive, alpha-beta T cell;DN3 thymocyte;decidual natural killer cell, human;group 2 innate lymphoid cell;DN1 thymic pro-T cell",
SP1,,,,no,6.987,8.394,80019,98083,0.265,ENSG00000185591,Transcription factor Sp1,Nucleus;Cytoplasm,,
SPHK1,,,,no,4.308,5.795,49341,67714,0.428,ENSG00000176170,Sphingosine kinase 1 (SK 1) (SPK 1),Cytoplasm,pancreatic ductal cell;vein endothelial cell;endothelial cell of umbilical vein;endothelial cell of lymphatic vessel;pancreatic stellate cell;fibroblast of mammary gland;fibroblast of breast,
SQSTM1,,,,no,15.086,15.277,172778,178511,0.018,ENSG00000161011,Sequestosome-1 (EBI3-associated protein of 60 kDa) (EBIAP) (p60) (Phosphotyrosine-independent ligand for the Lck SH2 domain of 62 kDa) (Ubiquitin-binding protein p62),Cytoplasm,intestinal crypt stem cell of large intestine;pancreatic PP cell;PP cell;epithelial cell of urethra;mature conventional dendritic cell,
SSRP1,,,,no,16.8,18.001,192405,210338,0.1,ENSG00000149136,FACT complex subunit SSRP1 (Chromatin-specific transcription elongation factor 80 kDa subunit) (Facilitates chromatin transcription complex 80 kDa subunit) (FACT 80 kDa subunit) (FACTp80) (Facilitates chromatin transcription complex subunit SSRP1) (Recombination signal sequence recognition protein 1) (Structure-specific recognition protein 1) (hSSRP1) (T160),Nucleus,macrophage dendritic cell progenitor,
ST14,,,,no,25.319,24.156,289977,282255,-0.068,ENSG00000149418,Suppressor of tumorigenicity 14 protein,Membrane,pulmonary ionocyte;paneth cell of epithelium of small intestine;ionocyte,
STAT3,,,,no,24.177,23.625,276903,276050,-0.033,ENSG00000168610,Signal transducer and activator of transcription 3 (Acute-phase response factor),Cytoplasm,,
STK11,,,,no,7.671,8.98,87852,104928,0.227,ENSG00000118046,Serine/threonine-protein kinase STK11,Nucleus;Cytoplasm;Membrane,mast cell;mucosal type mast cell,
TAF1,,,,no,4.931,5.953,56480,69556,0.272,ENSG00000147133,Transcription initiation factor TFIID subunit 1,Nucleus,,
TAP1,,,,no,4.706,5.339,53892,62390,0.182,ENSG00000168394,Antigen peptide transporter 1 (APT1),Endoplasmic reticulum membrane,"leukocyte;CD141-positive myeloid dendritic cell;myeloid dendritic cell, human;plasmablast;mononuclear cell;alpha-beta T cell;mature alpha-beta T cell;T-helper 17 cell;activated CD4-positive, alpha-beta T cell;activated CD8-positive, alpha-beta T cell;mucosal invariant T cell;mature T cell;exhausted T cell;pre-conventional dendritic cell",
TBP,,,,no,3.187,3.271,36502,38215,0.037,ENSG00000112592,TATA-box-binding protein (TATA sequence-binding protein) (TATA-binding factor) (TATA-box factor) (Transcription initiation factor TFIID TBP subunit),Nucleus,,
TERF1,,,,no,6.033,5.852,69101,68377,-0.044,ENSG00000147601,Telomeric repeat-binding factor 1 (NIMA-interacting protein 2) (TTAGGG repeat-binding factor 1) (Telomeric protein Pin2/TRF1),Nucleus;Cytoplasm,enteric smooth muscle cell,
TERF2,,,,no,7.96,9.176,91165,107217,0.205,ENSG00000132604,Telomeric repeat-binding factor 2 (TTAGGG repeat-binding factor 2) (Telomeric DNA-binding protein),Nucleus,,
TGFA,,,,no,3.537,2.516,40504,29396,-0.491,ENSG00000163235,Protransforming growth factor alpha,Cell membrane,,EGF
TGFB1,,,,no,0.496,0.604,5679,7058,0.285,ENSG00000105329,Transforming growth factor beta-1 proprotein,Secreted,"extravillous trophoblast;platelet;myeloid dendritic cell;CD1c-positive myeloid dendritic cell;CD4-positive, alpha-beta cytotoxic T cell;CD8-positive, alpha-beta cytotoxic T cell;mucosal invariant T cell;CD16-positive, CD56-dim natural killer cell, human;megakaryocyte;osteoblast",TGFb
TGFB2,,,,no,2.892,3.27,33127,38214,0.177,ENSG00000092969,Transforming growth factor beta-2 proprotein (Cetermin) (Glioblastoma-derived T-cell suppressor factor) (G-TSF),Secreted,type I pneumocyte,TGFb
TGFB3,,,,no,9.565,4.734,109550,55314,-1.015,ENSG00000119699,Transforming growth factor beta-3 proprotein,Secreted,,TGFb
TGFBR1,,,,no,7.479,7.001,85658,81804,-0.095,ENSG00000106799,TGF-beta receptor type-1 (TGFR-1),Cell membrane,kidney collecting duct principal cell;renal principal cell;microglial cell;mature microglial cell,TGFb;GDF;MSTN
TGFBR2,,,,no,19.206,21.814,219971,254896,0.184,ENSG00000163513,TGF-beta receptor type-2 (TGFR-2),Cell membrane,retinal blood vessel endothelial cell;kidney capillary endothelial cell;glomerular capillary endothelial cell;lung microvascular endothelial cell;lung endothelial cell;fenestrated cell;glomerular endothelial cell;surface ectodermal cell,TGFb;GDF
THBS1,,,,no,22.333,14.254,255784,166551,-0.648,ENSG00000137801,Thrombospondin-1 (Glycoprotein G),Secreted,basal cell;myoepithelial cell;myoepithelial cell of mammary gland;pulmonary ionocyte;ionocyte;alternatively activated macrophage;myometrial cell;smooth muscle cell of prostate;intermediate monocyte;reticular cell;fibroblast of connective tissue of nonglandular part of prostate;fibroblast of connective tissue of glandular part of prostate;tendon cell;salivary gland cell,THBS
TNFRSF10A,,,,no,1.418,1.189,16245,13898,-0.254,ENSG00000104689,Tumor necrosis factor receptor superfamily member 10A (Death receptor 4) (TNF-related apoptosis-inducing ligand receptor 1) (TRAIL receptor 1) (TRAIL-R1) (CD antigen CD261),Cell membrane,,
TNFRSF10B,,,,no,8.196,8.887,93867,103842,0.117,ENSG00000120889,Tumor necrosis factor receptor superfamily member 10B (Death receptor 5) (TNF-related apoptosis-inducing ligand receptor 2) (TRAIL receptor 2) (TRAIL-R2) (CD antigen CD262),Membrane,,TRAIL
TNFSF9,,,,no,0.04,0.024,458,277,-0.754,ENSG00000125657,Tumor necrosis factor ligand superfamily member 9 (4-1BB ligand) (4-1BBL),Membrane,gut endothelial cell;early T lineage precursor,CD137
TOPBP1,,,,no,5.412,5.353,61983,62546,-0.016,ENSG00000163781,DNA topoisomerase 2-binding protein 1 (DNA topoisomerase II-beta-binding protein 1) (TopBP1) (DNA topoisomerase II-binding protein 1),Nucleus;Cytoplasm,,
TP53,,,,no,9.256,9.212,106013,107635,-0.007,ENSG00000141510,Cellular tumor antigen p53 (Antigen NY-CO-13) (Phosphoprotein p53) (Tumor suppressor p53),Cytoplasm,,
TP53BP2,,,,no,10.406,9.408,119185,109926,-0.146,ENSG00000143514,Apoptosis-stimulating of p53 protein 2 (Bcl2-binding protein) (Bbp) (Renal carcinoma antigen NY-REN-51) (Tumor suppressor p53-binding protein 2) (53BP2) (p53-binding protein 2) (p53BP2),Cytoplasm,type II pneumocyte,
TP63,,,,no,0.041,0.021,465,248,-0.936,ENSG00000073282,Tumor protein 63 (p63) (Chronic ulcerative stomatitis protein) (CUSP) (Keratinocyte transcription factor KET) (Transformation-related protein 63) (TP63) (Tumor protein p73-like) (p73L) (p40) (p51),Nucleus,stem cell;basal cell;basal cell of epidermis;respiratory basal cell;stem cell of epidermis;basal epithelial cell of prostatic duct;bladder urothelial cell;basal epithelial cell of tracheobronchial tree;skeletal muscle fiber;fast muscle cell;cell of skeletal muscle;papillary tips cell,
TP73,,,,no,0.036,0.038,414,440,0.059,ENSG00000078900,Tumor protein p73 (p53-like transcription factor) (p53-related protein),Nucleus,,
TPX2,,,,no,0.412,0.244,4715,2852,-0.754,ENSG00000088325,Targeting protein for Xklp2 (Differentially expressed in cancerous and non-cancerous lung cells 2) (DIL-2) (Hepatocellular carcinoma-associated antigen 519) (Hepatocellular carcinoma-associated antigen 90) (Protein fls353) (Restricted expression proliferation-associated protein 100) (p100),Nucleus,"double-positive, alpha-beta thymocyte;DN4 thymocyte;fraction A pre-pro B cell",
TRAF3IP2,,,,no,4.779,5.642,54737,65926,0.239,ENSG00000056972,E3 ubiquitin ligase TRAF3IP2,,,
TRAF4,,,,no,6.23,4.589,71352,53625,-0.441,ENSG00000076604,TNF receptor-associated factor 4,Cytoplasm,"urothelial cell;bladder urothelial cell;plasmacytoid dendritic cell;plasmacytoid dendritic cell, human;B-1a B cell;bladder cell",
TRAFD1,,,,no,3.458,4.118,39604,48122,0.252,ENSG00000135148,TRAF-type zinc finger domain-containing protein 1 (Protein FLN29),,duct epithelial cell;luminal epithelial cell of mammary gland;mammary gland epithelial cell,
TRIB3,,,,no,2.332,1.542,26712,18017,-0.597,ENSG00000101255,Tribbles homolog 3 (TRB-3) (Neuronal cell death-inducible putative kinase) (SINK) (p65-interacting inhibitor of NF-kappa-B),Nucleus,myoepithelial cell;myoepithelial cell of mammary gland,
TRPM7,,,,no,9.065,8.254,103826,96445,-0.135,ENSG00000092439,Transient receptor potential cation channel subfamily M member 7,Membrane,kidney distal convoluted tubule epithelial cell;retinal pigment epithelial cell;ciliary muscle cell,
TRPV4,,,,no,0.738,1.477,8448,17260,1.002,ENSG00000111199,Transient receptor potential cation channel subfamily V member 4 (TrpV4) (Osm-9-like TRP channel 4) (OTRPC4) (Transient receptor potential protein 12) (TRP12) (Vanilloid receptor-like channel 2) (Vanilloid receptor-like protein 2) (VRL-2) (Vanilloid receptor-related osmotically-activated channel) (VR-OAC),Cell membrane,,
TSC1,,,,no,2.57,3.604,29433,42117,0.488,ENSG00000165699,Hamartin (Tuberous sclerosis 1 protein),Cytoplasm,,
TSC2,,,,no,8.886,11.983,101769,140022,0.431,ENSG00000103197,Tuberin (Tuberous sclerosis 2 protein),Cytoplasm;Membrane,,
UBE2C,,,,no,0.192,0.104,2196,1215,-0.883,ENSG00000175063,Ubiquitin-conjugating enzyme E2 C,,"double-positive, alpha-beta thymocyte;DN4 thymocyte;large pre-B-II cell;promonocyte;fraction A pre-pro B cell",
UBE2D1,,,,no,2.926,1.883,33510,22002,-0.636,ENSG00000072401,Ubiquitin-conjugating enzyme E2 D1,Cytoplasm,,
USP7,,,,no,14.616,13.897,167396,162383,-0.073,ENSG00000187555,Ubiquitin carboxyl-terminal hydrolase 7,Nucleus,,
VDAC1,,,,no,16.544,19.468,189477,227475,0.235,ENSG00000213585,Voltage-dependent anion-selective channel protein 1 (VDAC-1) (hVDAC1) (Outer mitochondrial membrane protein porin 1) (Plasmalemmal porin) (Porin 31HL) (Porin 31HM),Mitochondrion outer membrane,microfold cell of epithelium of small intestine;osteoclast;ON-bipolar cell;rod bipolar cell;OFF-bipolar cell,
VDAC2,,,,no,17.796,18.516,203812,216360,0.057,ENSG00000165637,Voltage-dependent anion-selective channel protein 2 (VDAC-2) (hVDAC2) (Outer mitochondrial membrane protein porin 2),Mitochondrion outer membrane,mast cell;mucosal type mast cell,
VDR,,,,no,1.282,1.502,14678,17556,0.229,ENSG00000111424,"Vitamin D3 receptor (VDR) (1,25-dihydroxyvitamin D3 receptor) (Nuclear receptor subfamily 1 group I member 1)",Nucleus,intestinal crypt stem cell;intestinal crypt stem cell of small intestine;transit amplifying cell of small intestine,Calcitriol
WRAP73,,,,no,2.886,3.769,33053,44036,0.385,ENSG00000116213,WD repeat-containing protein WRAP73 (WD repeat-containing protein 8) (WD repeat-containing protein antisense to TP73 gene),Cytoplasm,,
WRN,,,,no,3.412,3.11,39076,36342,-0.134,ENSG00000165392,"Bifunctional 3'-5' exonuclease/ATP-dependent helicase WRN (DNA helicase, RecQ-like type 3) (RecQ protein-like 2) (Werner syndrome protein)",Nucleus,enucleate erythrocyte,
WWP1,,,,no,14.901,13.979,170664,163345,-0.092,ENSG00000123124,NEDD4-like E3 ubiquitin-protein ligase WWP1,Cytoplasm,,
XPC,,,,no,6.544,8.849,74943,103401,0.435,ENSG00000154767,DNA repair protein complementing XP-C cells (Xeroderma pigmentosum group C-complementing protein) (p125),Nucleus,,
ZBTB16,,,,no,3.79,3.964,43403,46314,0.065,ENSG00000109906,Zinc finger and BTB domain-containing protein 16 (Promyelocytic leukemia zinc finger protein) (Zinc finger protein 145) (Zinc finger protein PLZF),Nucleus,skeletal muscle fiber;skeletal muscle fibroblast;T-helper 17 cell;alveolar type 2 fibroblast cell,
